job_id,outstanding_welfare
35BB86D8,Chế độ bảo hiểm
35BB86D8,Du Lịch
35BB86D8,Chế độ thưởng
35BB86C8,Chế độ bảo hiểm
35BB86C8,Du Lịch
35BB86C8,Phụ cấp
35BB86C7,Chế độ bảo hiểm
35BB86C7,Du Lịch
35BB86C7,Phụ cấp
35BB86CA,Chế độ bảo hiểm
35BB86CA,Du Lịch
35BB86CA,Phụ cấp
35BB86CB,Chế độ bảo hiểm
35BB86CB,Du Lịch
35BB86CB,Chế độ thưởng
35BB86CD,Chế độ bảo hiểm
35BB86CD,Du Lịch
35BB86CD,Phụ cấp
35BB8697,Chế độ bảo hiểm
35BB8697,Du Lịch
35BB8697,Chế độ thưởng
35BB86D2,Chế độ bảo hiểm
35BB86D2,Du Lịch
35BB86D2,Chế độ thưởng
35BB86CF,Unknown
35BB86D1,Chế độ bảo hiểm
35BB86D1,Du Lịch
35BB86D1,Chế độ thưởng
35BB86D3,Chế độ bảo hiểm
35BB86D3,Du Lịch
35BB86D3,Phụ cấp
35BB86D5,Chế độ bảo hiểm
35BB86D5,Du Lịch
35BB86D5,Chế độ thưởng
35BB86D7,Chế độ bảo hiểm
35BB86D7,Du Lịch
35BB86D7,Chế độ thưởng
35BB86C3,Chế độ bảo hiểm
35BB86C3,Du Lịch
35BB86C3,Phụ cấp
35BB86D6,Chế độ bảo hiểm
35BB86D6,Du Lịch
35BB86D6,Phụ cấp
35BB8504,Chế độ bảo hiểm
35BB8504,Du Lịch
35BB8504,Chế độ thưởng
35BB86C4,Chế độ bảo hiểm
35BB86C4,Du Lịch
35BB86C4,Phụ cấp
35BB86C9,Chế độ bảo hiểm
35BB86C9,Du Lịch
35BB86C9,Phụ cấp
35BB86A2,Chế độ bảo hiểm
35BB86A2,Du Lịch
35BB86A2,Chế độ thưởng
35BB8691,Laptop
35BB8691,Chế độ bảo hiểm
35BB8691,Du Lịch
35BB86C5,Chế độ bảo hiểm
35BB86C5,Du Lịch
35BB86C5,Phụ cấp
35BB86D4,Chế độ bảo hiểm
35BB86D4,Du Lịch
35BB86D4,Phụ cấp
35BB8693,Chế độ bảo hiểm
35BB8693,Du Lịch
35BB8693,Đồng phục
35BB8690,Laptop
35BB8690,Chế độ bảo hiểm
35BB8690,Du Lịch
35BB86C6,Chế độ bảo hiểm
35BB86C6,Du Lịch
35BB86C6,Phụ cấp
35BB8696,Chế độ bảo hiểm
35BB8696,Du Lịch
35BB8696,Phụ cấp
35BB8699,Chế độ bảo hiểm
35BB8699,Du Lịch
35BB8699,Chế độ thưởng
35BB84C9,Chế độ bảo hiểm
35BB84C9,Du Lịch
35BB84C9,Chế độ thưởng
35BB8657,Phụ cấp
35BB8657,Đào tạo
35BB8657,Nghỉ phép năm
35BB868F,Chế độ bảo hiểm
35BB868F,Du Lịch
35BB868F,Chế độ thưởng
35BB8694,Chế độ bảo hiểm
35BB8694,Du Lịch
35BB8694,Phụ cấp
35BB8695,Laptop
35BB8695,Chế độ bảo hiểm
35BB8695,Du Lịch
35BB869C,Chế độ bảo hiểm
35BB869C,Du Lịch
35BB869C,Chế độ thưởng
35BB86A1,Chế độ bảo hiểm
35BB86A1,Du Lịch
35BB86A1,Chế độ thưởng
35BB869D,Laptop
35BB869D,Chế độ bảo hiểm
35BB869D,Du Lịch
35BB869E,Unknown
35BB869F,Chế độ bảo hiểm
35BB869F,Du Lịch
35BB869F,Chế độ thưởng
35BB8687,Chế độ bảo hiểm
35BB8687,Du Lịch
35BB8687,Phụ cấp
35BB866C,Laptop
35BB866C,Chế độ bảo hiểm
35BB866C,Du Lịch
35BB869B,Chế độ bảo hiểm
35BB869B,Phụ cấp
35BB869B,Chế độ thưởng
35BB865C,Laptop
35BB865C,Chế độ bảo hiểm
35BB865C,Du Lịch
35BB864E,Chế độ bảo hiểm
35BB864E,Du Lịch
35BB864E,Phụ cấp
35BB854F,Du Lịch
35BB854F,Chế độ thưởng
35BB854F,Chăm sóc sức khỏe
35BB865A,Laptop
35BB865A,Chế độ bảo hiểm
35BB865A,Du Lịch
35BB8661,Laptop
35BB8661,Chế độ bảo hiểm
35BB8661,Du Lịch
35BB865D,Chế độ bảo hiểm
35BB865D,Du Lịch
35BB865D,Chế độ thưởng
35BB8662,Laptop
35BB8662,Chế độ bảo hiểm
35BB8662,Du Lịch
35BB868C,Chế độ bảo hiểm
35BB868C,Du Lịch
35BB868C,Chế độ thưởng
35BB865B,Chế độ bảo hiểm
35BB865B,Du Lịch
35BB865B,Chế độ thưởng
35BB865F,Laptop
35BB865F,Chế độ bảo hiểm
35BB865F,Du Lịch
35BB8659,Laptop
35BB8659,Chế độ bảo hiểm
35BB8659,Du Lịch
35BB8663,Laptop
35BB8663,Chế độ bảo hiểm
35BB8663,Du Lịch
35BB8666,Laptop
35BB8666,Chế độ bảo hiểm
35BB8666,Du Lịch
35BB8669,Laptop
35BB8669,Chế độ bảo hiểm
35BB8669,Du Lịch
35BB8561,Chế độ bảo hiểm
35BB8561,Du Lịch
35BB8561,Chế độ thưởng
35BB8668,Laptop
35BB8668,Chế độ bảo hiểm
35BB8668,Du Lịch
35BB8658,Laptop
35BB8658,Chế độ bảo hiểm
35BB8658,Du Lịch
35BB8664,Laptop
35BB8664,Chế độ bảo hiểm
35BB8664,Du Lịch
35BB8627,Chế độ bảo hiểm
35BB8627,Du Lịch
35BB8627,Chế độ thưởng
35BB866B,Laptop
35BB866B,Chế độ bảo hiểm
35BB866B,Du Lịch
35BB85D4,Chế độ bảo hiểm
35BB85D4,Du Lịch
35BB85D4,Chế độ thưởng
35BB8629,Laptop
35BB8629,Chế độ bảo hiểm
35BB8629,Du Lịch
35BB862A,Laptop
35BB862A,Chế độ bảo hiểm
35BB862A,Du Lịch
35BB857F,Chế độ bảo hiểm
35BB857F,Du Lịch
35BB857F,Chế độ thưởng
35BB8624,Chế độ bảo hiểm
35BB8624,Du Lịch
35BB8624,Phụ cấp
35BB8621,Chế độ bảo hiểm
35BB8621,Du Lịch
35BB8621,Phụ cấp
35BB8625,Chế độ bảo hiểm
35BB8625,Du Lịch
35BB8625,Phụ cấp
35BB8628,Laptop
35BB8628,Chế độ bảo hiểm
35BB8628,Du Lịch
35BB85EB,Laptop
35BB85EB,Chế độ bảo hiểm
35BB85EB,Du Lịch
35BB85E1,Chế độ bảo hiểm
35BB85E1,Du Lịch
35BB85E1,Phụ cấp
35BB862D,Laptop
35BB862D,Chế độ bảo hiểm
35BB862D,Du Lịch
35BB862F,Chế độ bảo hiểm
35BB862F,Du Lịch
35BB862F,Đồng phục
35BB84A3,Laptop
35BB84A3,Chế độ bảo hiểm
35BB84A3,Du Lịch
35BB85F0,Chế độ bảo hiểm
35BB85F0,Du Lịch
35BB85F0,Phụ cấp
35BB8638,Laptop
35BB8638,Chế độ bảo hiểm
35BB8638,Du Lịch
35BB8637,Chế độ bảo hiểm
35BB8637,Du Lịch
35BB8637,Chế độ thưởng
35BB85F2,Chế độ bảo hiểm
35BB85F2,Du Lịch
35BB85F2,Phụ cấp
35BB85F8,Chế độ bảo hiểm
35BB85F8,Du Lịch
35BB85F8,Phụ cấp
35BB85F3,Chế độ bảo hiểm
35BB85F3,Du Lịch
35BB85F3,Chế độ thưởng
35BB862E,Chế độ bảo hiểm
35BB862E,Du Lịch
35BB862E,Chế độ thưởng
35BB85F4,Chế độ bảo hiểm
35BB85F4,Du Lịch
35BB85F4,Phụ cấp
35BB8639,Chế độ bảo hiểm
35BB8639,Du Lịch
35BB8639,Phụ cấp
35BB85F5,Laptop
35BB85F5,Chế độ bảo hiểm
35BB85F5,Du Lịch
35BB85FC,Chế độ bảo hiểm
35BB85FC,Du Lịch
35BB85FC,Phụ cấp
35BB85FA,Laptop
35BB85FA,Chế độ bảo hiểm
35BB85FA,Du Lịch
35BB85FD,Chế độ bảo hiểm
35BB85FD,Du Lịch
35BB85FD,Phụ cấp
35BB85FF,Chế độ bảo hiểm
35BB85FF,Du Lịch
35BB85FF,Chế độ thưởng
35BB85F9,Chế độ bảo hiểm
35BB85F9,Du Lịch
35BB85F9,Phụ cấp
35BB85B2,Chế độ bảo hiểm
35BB85B2,Du Lịch
35BB85B2,Chế độ thưởng
35BB85BB,Laptop
35BB85BB,Chế độ bảo hiểm
35BB85BB,Du Lịch
35BB85B6,Chế độ bảo hiểm
35BB85B6,Du Lịch
35BB85B6,Chế độ thưởng
35BB85BC,Chế độ bảo hiểm
35BB85BC,Du Lịch
35BB85BC,Phụ cấp
35BB85C1,Chế độ bảo hiểm
35BB85C1,Du Lịch
35BB85C1,Chế độ thưởng
35BB85BD,Chế độ bảo hiểm
35BB85BD,Du Lịch
35BB85BD,Chế độ thưởng
35BB8559,Laptop
35BB8559,Chế độ bảo hiểm
35BB8559,Du Lịch
35BB85BE,Laptop
35BB85BE,Chế độ bảo hiểm
35BB85BE,Du Lịch
35BB85B9,Laptop
35BB85B9,Chế độ bảo hiểm
35BB85B9,Du Lịch
35BB85FB,Chế độ bảo hiểm
35BB85FB,Du Lịch
35BB85FB,Phụ cấp
35BB85C2,Laptop
35BB85C2,Chế độ bảo hiểm
35BB85C2,Phụ cấp
35BB85C5,Laptop
35BB85C5,Chế độ bảo hiểm
35BB85C5,Du Lịch
35BB85C3,Laptop
35BB85C3,Chế độ bảo hiểm
35BB85C3,Xe đưa đón
35BB85CC,Chế độ bảo hiểm
35BB85CC,Du Lịch
35BB85CC,Phụ cấp
35BB85C8,Laptop
35BB85C8,Chế độ bảo hiểm
35BB85C8,Phụ cấp
35BB85A7,Chế độ bảo hiểm
35BB85A7,Du Lịch
35BB85A7,Phụ cấp
35BB85C9,Chế độ bảo hiểm
35BB85C9,Du Lịch
35BB85C9,Chế độ thưởng
35BB85C0,Laptop
35BB85C0,Chế độ bảo hiểm
35BB85C0,Du Lịch
35BB85CA,Laptop
35BB85CA,Chế độ bảo hiểm
35BB85CA,Du Lịch
35BB85CB,Chế độ bảo hiểm
35BB85CB,Du Lịch
35BB85CB,Phụ cấp
35BB8601,Chế độ bảo hiểm
35BB8601,Du Lịch
35BB8601,Chế độ thưởng
35BB857E,Chế độ bảo hiểm
35BB857E,Du Lịch
35BB857E,Chế độ thưởng
35BB8581,Chế độ bảo hiểm
35BB8581,Du Lịch
35BB8581,Phụ cấp
35BB85C6,Chế độ bảo hiểm
35BB85C6,Du Lịch
35BB85C6,Phụ cấp
35BB849E,Chế độ bảo hiểm
35BB849E,Du Lịch
35BB849E,Chế độ thưởng
35BB8583,Unknown
35BB8587,Laptop
35BB8587,Chế độ bảo hiểm
35BB8587,Du Lịch
35BB8582,Du Lịch
35BB8582,Đào tạo
35BB8582,Nghỉ phép năm
35BB8584,Chế độ bảo hiểm
35BB8584,Chế độ thưởng
35BB8584,Đào tạo
35BB8586,Chế độ bảo hiểm
35BB8586,Du Lịch
35BB8586,Phụ cấp
35BB84FC,Chế độ bảo hiểm
35BB84FC,Du Lịch
35BB84FC,Chế độ thưởng
35BB8585,Chế độ bảo hiểm
35BB8585,Du Lịch
35BB8585,Chế độ thưởng
35BB8588,Chế độ bảo hiểm
35BB8588,Du Lịch
35BB8588,Phụ cấp
35BB8580,Chế độ bảo hiểm
35BB8580,Du Lịch
35BB8580,Phụ cấp
35BB84EB,Chế độ bảo hiểm
35BB84EB,Du Lịch
35BB84EB,Chế độ thưởng
35BB858B,Chế độ bảo hiểm
35BB858B,Du Lịch
35BB858B,Chế độ thưởng
35BB8589,Laptop
35BB8589,Chế độ bảo hiểm
35BB8589,Du Lịch
35BB858D,Chế độ bảo hiểm
35BB858D,Du Lịch
35BB858D,Phụ cấp
35BB8542,Laptop
35BB8542,Chế độ bảo hiểm
35BB8542,Du Lịch
35BB858E,Chế độ bảo hiểm
35BB858E,Du Lịch
35BB858E,Phụ cấp
35BB8546,Chế độ bảo hiểm
35BB8546,Du Lịch
35BB8546,Đồng phục
35BB8543,Laptop
35BB8543,Chế độ bảo hiểm
35BB8543,Du Lịch
35BB8548,Laptop
35BB8548,Chế độ bảo hiểm
35BB8548,Du Lịch
35BB854A,Chế độ bảo hiểm
35BB854A,Du Lịch
35BB854A,Chế độ thưởng
35BB8547,Chế độ bảo hiểm
35BB8547,Du Lịch
35BB8547,Chế độ thưởng
35BB8524,Chế độ bảo hiểm
35BB8524,Du Lịch
35BB8524,Đồng phục
35BB84B2,Laptop
35BB84B2,Chế độ bảo hiểm
35BB84B2,Phụ cấp
35BB852B,Laptop
35BB852B,Du Lịch
35BB852B,Phụ cấp
35BB8552,Chế độ bảo hiểm
35BB8552,Du Lịch
35BB8552,Chế độ thưởng
35BB854E,Chế độ bảo hiểm
35BB854E,Du Lịch
35BB854E,Chế độ thưởng
35BB8544,Chế độ bảo hiểm
35BB8544,Du Lịch
35BB8544,Phụ cấp
35BB8545,Laptop
35BB8545,Chế độ bảo hiểm
35BB8545,Du Lịch
35BB854B,Laptop
35BB854B,Chế độ bảo hiểm
35BB854B,Du Lịch
35BB8553,Laptop
35BB8553,Chế độ bảo hiểm
35BB8553,Du Lịch
35BB8551,Laptop
35BB8551,Chế độ bảo hiểm
35BB8551,Du Lịch
35BB84FB,Laptop
35BB84FB,Chế độ bảo hiểm
35BB84FB,Du Lịch
35BB8388,Chế độ bảo hiểm
35BB8388,Du Lịch
35BB8388,Chế độ thưởng
35BB84FE,Laptop
35BB84FE,Chế độ bảo hiểm
35BB84FE,Du Lịch
35BB8500,Laptop
35BB8500,Chế độ bảo hiểm
35BB8500,Du Lịch
35BB8506,Laptop
35BB8506,Chế độ bảo hiểm
35BB8506,Du Lịch
35BB8157,Chế độ bảo hiểm
35BB8157,Du Lịch
35BB8157,Chế độ thưởng
35BB8501,Chế độ bảo hiểm
35BB8501,Du Lịch
35BB8501,Chế độ thưởng
35BB8508,Laptop
35BB8508,Chế độ bảo hiểm
35BB8508,Du Lịch
35BB84FF,Chế độ bảo hiểm
35BB84FF,Du Lịch
35BB84FF,Chế độ thưởng
35BB850B,Chế độ bảo hiểm
35BB850B,Du Lịch
35BB850B,Chế độ thưởng
35BB8356,Chế độ bảo hiểm
35BB8356,Du Lịch
35BB8356,Chế độ thưởng
35BB850E,Laptop
35BB850E,Chế độ bảo hiểm
35BB850E,Du Lịch
35BB84FD,Chế độ bảo hiểm
35BB84FD,Đào tạo
35BB84CD,Laptop
35BB84CD,Du Lịch
35BB84CD,Phụ cấp
35BB836E,Chế độ bảo hiểm
35BB836E,Du Lịch
35BB836E,Chế độ thưởng
35BB850D,Chế độ bảo hiểm
35BB850D,Du Lịch
35BB850D,Chế độ thưởng
35BB84D2,Chế độ bảo hiểm
35BB84D2,Du Lịch
35BB84D2,Chế độ thưởng
35AA48FF,Unknown
35BB836B,Chế độ bảo hiểm
35BB836B,Du Lịch
35BB836B,Chế độ thưởng
35BB84D0,Chế độ bảo hiểm
35BB84D0,Du Lịch
35BB84D0,Chế độ thưởng
35BB84D5,Laptop
35BB84D5,Chế độ bảo hiểm
35BB84D5,Du Lịch
35BB84CF,Chế độ bảo hiểm
35BB84CF,Du Lịch
35BB84CF,Chế độ thưởng
35BB84D1,Laptop
35BB84D1,Chế độ bảo hiểm
35BB84D1,Du Lịch
35BB84D3,Chế độ bảo hiểm
35BB84D3,Du Lịch
35BB84D3,Chế độ thưởng
35BB84D9,Laptop
35BB84D9,Chế độ bảo hiểm
35BB84D9,Du Lịch
35BB84D7,Chế độ bảo hiểm
35BB84D7,Du Lịch
35BB84D7,Phụ cấp
35BB84DC,Chế độ bảo hiểm
35BB84DC,Du Lịch
35BB84DC,Phụ cấp
35BB84CC,Laptop
35BB84CC,Chế độ bảo hiểm
35BB84CC,Phụ cấp
35BB84DD,Laptop
35BB84DD,Chế độ bảo hiểm
35BB84DD,Du Lịch
35BB84D8,Laptop
35BB84D8,Chế độ bảo hiểm
35BB84D8,Du Lịch
35BB84DA,Chế độ bảo hiểm
35BB84DA,Du Lịch
35BB84DA,Chế độ thưởng
35BB84E1,Chế độ bảo hiểm
35BB84E1,Du Lịch
35BB84E1,Chế độ thưởng
35BB848E,Chế độ bảo hiểm
35BB848E,Du Lịch
35BB848E,Phụ cấp
35BB848A,Laptop
35BB848A,Chế độ bảo hiểm
35BB848A,Du Lịch
35BB848F,Chế độ bảo hiểm
35BB848F,Du Lịch
35BB848F,Phụ cấp
35BB84DF,Laptop
35BB84DF,Chế độ bảo hiểm
35BB84DF,Du Lịch
35BB84D6,Laptop
35BB84D6,Chế độ bảo hiểm
35BB84D6,Du Lịch
35BB8491,Chế độ bảo hiểm
35BB8491,Du Lịch
35BB8491,Chế độ thưởng
35BB847F,Chế độ bảo hiểm
35BB847F,Phụ cấp
35BB847F,Đồng phục
35BB8490,Laptop
35BB8490,Chế độ bảo hiểm
35BB8490,Du Lịch
35BB8495,Laptop
35BB8495,Chế độ bảo hiểm
35BB8495,Du Lịch
35BB8496,Chế độ bảo hiểm
35BB8496,Du Lịch
35BB8496,Chế độ thưởng
35BB83B4,Chế độ bảo hiểm
35BB83B4,Du Lịch
35BB83B4,Phụ cấp
35BB8498,Chế độ bảo hiểm
35BB8498,Du Lịch
35BB8498,Phụ cấp
35BB84D4,Laptop
35BB84D4,Chế độ bảo hiểm
35BB84D4,Phụ cấp
35BB8499,Chế độ bảo hiểm
35BB8499,Du Lịch
35BB8499,Phụ cấp
35BB84A1,Laptop
35BB84A1,Chế độ bảo hiểm
35BB84A1,Du Lịch
35BB84A8,Chế độ bảo hiểm
35BB84A8,Du Lịch
35BB84A8,Chế độ thưởng
35BB8497,Chế độ bảo hiểm
35BB8497,Du Lịch
35BB8497,Chế độ thưởng
35BB84A5,Chế độ bảo hiểm
35BB84A5,Du Lịch
35BB84A5,Chế độ thưởng
35BB8458,Unknown
35BB84DB,Chế độ bảo hiểm
35BB84DB,Du Lịch
35BB84DB,Phụ cấp
35BB67F4,Laptop
35BB67F4,Chế độ bảo hiểm
35BB67F4,Du Lịch
35BB845A,Unknown
35BB8271,Chế độ bảo hiểm
35BB8271,Du Lịch
35BB8271,Chế độ thưởng
35BB8459,Chế độ bảo hiểm
35BB8459,Du Lịch
35BB8459,Phụ cấp
35BB845E,Chế độ bảo hiểm
35BB845E,Du Lịch
35BB845E,Chế độ thưởng
35BB845D,Chế độ bảo hiểm
35BB845D,Du Lịch
35BB845D,Phụ cấp
35BB8460,Laptop
35BB8460,Chế độ bảo hiểm
35BB8460,Du Lịch
35BB8351,Chế độ bảo hiểm
35BB8351,Du Lịch
35BB8351,Chế độ thưởng
35BB8492,Laptop
35BB8492,Chế độ bảo hiểm
35BB8492,Phụ cấp
35BB7F0A,Laptop
35BB7F0A,Chế độ bảo hiểm
35BB7F0A,Du Lịch
35BB83C2,Laptop
35BB83C2,Chế độ bảo hiểm
35BB83C2,Du Lịch
35BB849B,Chế độ bảo hiểm
35BB849B,Du Lịch
35BB849B,Phụ cấp
35BB845F,Laptop
35BB845F,Chế độ bảo hiểm
35BB845F,Du Lịch
35BB849F,Chế độ bảo hiểm
35BB849F,Du Lịch
35BB849F,Chế độ thưởng
35BB8462,Laptop
35BB8462,Chế độ bảo hiểm
35BB8462,Du Lịch
35BB845B,Laptop
35BB845B,Chế độ bảo hiểm
35BB845B,Du Lịch
35BB8463,Laptop
35BB8463,Chế độ bảo hiểm
35BB8463,Du Lịch
35BB7767,Chế độ bảo hiểm
35BB7767,Du Lịch
35BB7767,Chế độ thưởng
35BB7877,Chế độ bảo hiểm
35BB7877,Du Lịch
35BB7877,Chế độ thưởng
35BB795A,Chế độ bảo hiểm
35BB795A,Du Lịch
35BB795A,Chế độ thưởng
35BB7765,Chế độ bảo hiểm
35BB7765,Du Lịch
35BB7765,Chế độ thưởng
35BB7734,Laptop
35BB7734,Chế độ bảo hiểm
35BB7734,Du Lịch
35BB78B9,Chế độ bảo hiểm
35BB78B9,Du Lịch
35BB78B9,Chăm sóc sức khỏe
35BB7950,Unknown
35BB7940,Chế độ bảo hiểm
35BB7940,Du Lịch
35BB7940,Phụ cấp
35BB82BE,Laptop
35BB82BE,Chế độ bảo hiểm
35BB82BE,Du Lịch
35BB8402,Chế độ bảo hiểm
35BB8402,Du Lịch
35BB8402,Chế độ thưởng
35BB78A4,Chế độ bảo hiểm
35BB78A4,Du Lịch
35BB78A4,Chăm sóc sức khỏe
35BB8229,Chế độ bảo hiểm
35BB8229,Du Lịch
35BB8229,Chế độ thưởng
35BB8448,Laptop
35BB8448,Chế độ bảo hiểm
35BB8448,Du Lịch
35BB8408,Laptop
35BB8408,Chế độ bảo hiểm
35BB8408,Du Lịch
35BB8461,Chế độ bảo hiểm
35BB8461,Du Lịch
35BB8461,Chế độ thưởng
35BB8464,Laptop
35BB8464,Chế độ bảo hiểm
35BB8464,Du Lịch
35BB789E,Chế độ bảo hiểm
35BB789E,Du Lịch
35BB789E,Chế độ thưởng
35BB7CC3,Laptop
35BB7CC3,Chế độ bảo hiểm
35BB7CC3,Du Lịch
35BB8446,Chế độ bảo hiểm
35BB8446,Du Lịch
35BB8446,Phụ cấp
35BB832F,Chế độ bảo hiểm
35BB832F,Du Lịch
35BB832F,Chế độ thưởng
35BB7875,Chế độ bảo hiểm
35BB7875,Phụ cấp
35BB7875,Chế độ thưởng
35BB78AA,Laptop
35BB78AA,Chế độ bảo hiểm
35BB78AA,Du Lịch
35BB77DA,Chế độ bảo hiểm
35BB77DA,Phụ cấp
35BB77DA,Đồng phục
35BB77D4,Chế độ bảo hiểm
35BB77D4,Du Lịch
35BB77D4,Chế độ thưởng
35BB7749,Chế độ bảo hiểm
35BB7749,Du Lịch
35BB7749,Chế độ thưởng
35BB77C4,Chế độ bảo hiểm
35BB77C4,Du Lịch
35BB77C4,Đồng phục
35BB798B,Chế độ bảo hiểm
35BB798B,Du Lịch
35BB798B,Phụ cấp
35BB7789,Laptop
35BB7789,Chế độ bảo hiểm
35BB7789,Du Lịch
35BB77A8,Chế độ bảo hiểm
35BB77A8,Du Lịch
35BB77A8,Chế độ thưởng
35BB7873,Laptop
35BB7873,Chế độ bảo hiểm
35BB7873,Du Lịch
35BB781A,Laptop
35BB781A,Chế độ bảo hiểm
35BB781A,Du Lịch
35BB787B,Laptop
35BB787B,Chế độ bảo hiểm
35BB787B,Du Lịch
35BB778E,Laptop
35BB778E,Chế độ bảo hiểm
35BB778E,Du Lịch
35BB774A,Chế độ bảo hiểm
35BB774A,Du Lịch
35BB774A,Chế độ thưởng
35BB7830,Laptop
35BB7830,Chế độ bảo hiểm
35BB7830,Du Lịch
35BB79AF,Chế độ bảo hiểm
35BB79AF,Phụ cấp
35BB79AF,Đồng phục
35BB79A0,Chế độ bảo hiểm
35BB79A0,Du Lịch
35BB79A0,Chế độ thưởng
35BB75D9,Chế độ bảo hiểm
35BB75D9,Du Lịch
35BB75D9,Chế độ thưởng
35BB7720,Laptop
35BB7720,Chế độ bảo hiểm
35BB7720,Phụ cấp
35BB78C2,Laptop
35BB78C2,Chế độ bảo hiểm
35BB78C2,Du Lịch
35BB61AB,Laptop
35BB61AB,Chế độ bảo hiểm
35BB61AB,Du Lịch
35BB77F8,Laptop
35BB77F8,Chế độ bảo hiểm
35BB77F8,Phụ cấp
35BB783B,Chế độ bảo hiểm
35BB783B,Phụ cấp
35BB783B,Đồng phục
35BB7783,Chế độ bảo hiểm
35BB7783,Du Lịch
35BB7783,Phụ cấp
35BB78B4,Laptop
35BB78B4,Chế độ bảo hiểm
35BB78B4,Du Lịch
35BB7931,Chế độ bảo hiểm
35BB7931,Đồng phục
35BB7931,Chế độ thưởng
35BB7881,Chế độ bảo hiểm
35BB7881,Du Lịch
35BB7881,Chế độ thưởng
35BB773D,Laptop
35BB773D,Chế độ bảo hiểm
35BB773D,Du Lịch
35BB7793,Chế độ bảo hiểm
35BB7793,Du Lịch
35BB7793,Phụ cấp
35BB7979,Laptop
35BB7979,Chế độ bảo hiểm
35BB7979,Du Lịch
35BB792D,Chế độ bảo hiểm
35BB792D,Chế độ thưởng
35BB792D,Đào tạo
35BB77E5,Chế độ bảo hiểm
35BB77E5,Du Lịch
35BB77E5,Chế độ thưởng
35BB79BC,Chế độ bảo hiểm
35BB79BC,Du Lịch
35BB79BC,Phụ cấp
35BB799A,Laptop
35BB799A,Chế độ bảo hiểm
35BB799A,Du Lịch
35BB7899,Laptop
35BB7899,Chế độ bảo hiểm
35BB7899,Du Lịch
35BB7869,Laptop
35BB7869,Chế độ bảo hiểm
35BB7869,Du Lịch
35BB7907,Laptop
35BB7907,Chế độ bảo hiểm
35BB7907,Du Lịch
35BB78B7,Chế độ bảo hiểm
35BB78B7,Du Lịch
35BB78B7,Chế độ thưởng
35BB78FD,Chế độ bảo hiểm
35BB78FD,Du Lịch
35BB78FD,Chế độ thưởng
35BB775B,Laptop
35BB775B,Chế độ bảo hiểm
35BB775B,Phụ cấp
35BB77C1,Chế độ bảo hiểm
35BB77C1,Du Lịch
35BB77C1,Chế độ thưởng
35BB7915,Chế độ bảo hiểm
35BB7915,Du Lịch
35BB7915,Chế độ thưởng
35BB7976,Laptop
35BB7976,Chế độ bảo hiểm
35BB7976,Du Lịch
35BB7860,Chế độ bảo hiểm
35BB7860,Du Lịch
35BB7860,Phụ cấp
35BB7982,Laptop
35BB7982,Chế độ bảo hiểm
35BB7982,Du Lịch
35BB77EB,Chế độ bảo hiểm
35BB77EB,Du Lịch
35BB77EB,Phụ cấp
35BB774E,Chế độ bảo hiểm
35BB774E,Du Lịch
35BB774E,Chế độ thưởng
35BB77CD,Laptop
35BB77CD,Chế độ bảo hiểm
35BB77CD,Du Lịch
35BB7878,Laptop
35BB7878,Chế độ bảo hiểm
35BB7878,Du Lịch
35BB7871,Chế độ bảo hiểm
35BB7871,Du Lịch
35BB7871,Du lịch nước ngoài
35BB7815,Laptop
35BB7815,Chế độ bảo hiểm
35BB7815,Du Lịch
35BB783A,Chế độ bảo hiểm
35BB783A,Du Lịch
35BB783A,Chế độ thưởng
35BB7863,Unknown
35BB77CB,Chế độ bảo hiểm
35BB77CB,Du Lịch
35BB77CB,Chế độ thưởng
35BB77AF,Chế độ bảo hiểm
35BB77AF,Du Lịch
35BB77AF,Phụ cấp
35BB7957,Chế độ bảo hiểm
35BB7957,Du Lịch
35BB7957,Chế độ thưởng
35BB776E,Chế độ bảo hiểm
35BB776E,Du Lịch
35BB776E,Phụ cấp
35BB790C,Chế độ bảo hiểm
35BB790C,Du Lịch
35BB790C,Chế độ thưởng
35BB78BD,Laptop
35BB78BD,Chế độ bảo hiểm
35BB78BD,Du Lịch
35BB79AE,Chế độ bảo hiểm
35BB79AE,Du Lịch
35BB79AE,Chế độ thưởng
35BB7937,Laptop
35BB7937,Chế độ bảo hiểm
35BB7937,Du Lịch
35BB78E2,Chế độ bảo hiểm
35BB78E2,Du Lịch
35BB78E2,Chế độ thưởng
35BB775F,Laptop
35BB775F,Chế độ bảo hiểm
35BB775F,Du Lịch
35BB77C9,Chế độ bảo hiểm
35BB77C9,Chế độ thưởng
35BB77C9,Đào tạo
35BB782D,Chế độ bảo hiểm
35BB782D,Du Lịch
35BB782D,Chế độ thưởng
35BB7894,Chế độ bảo hiểm
35BB7894,Du Lịch
35BB7894,Chế độ thưởng
35BB78AB,Chế độ bảo hiểm
35BB78AB,Du Lịch
35BB78AB,Chế độ thưởng
35BB779A,Chế độ bảo hiểm
35BB779A,Du Lịch
35BB779A,Chế độ thưởng
35BB78AF,Chế độ bảo hiểm
35BB78AF,Du Lịch
35BB78AF,Chế độ thưởng
35BB78A5,Chế độ bảo hiểm
35BB78A5,Du Lịch
35BB78A5,Phụ cấp
35BB79B0,Chế độ bảo hiểm
35BB79B0,Du Lịch
35BB79B0,Chế độ thưởng
35BB7882,Chế độ bảo hiểm
35BB7882,Du Lịch
35BB7882,Chế độ thưởng
35BB794B,Chế độ bảo hiểm
35BB794B,Du Lịch
35BB794B,Xe đưa đón
35BB7879,Chế độ bảo hiểm
35BB7879,Du Lịch
35BB7879,Chế độ thưởng
35BB7942,Chế độ bảo hiểm
35BB7942,Du Lịch
35BB7942,Phụ cấp
35BB7146,Chế độ bảo hiểm
35BB7146,Du Lịch
35BB7146,Phụ cấp
35BB7872,Chế độ bảo hiểm
35BB7872,Du Lịch
35BB7872,Chế độ thưởng
35BB7958,Laptop
35BB7958,Chế độ bảo hiểm
35BB7958,Du Lịch
35BB8445,Chế độ bảo hiểm
35BB8445,Du Lịch
35BB8445,Phụ cấp
35BB779B,Laptop
35BB779B,Chế độ bảo hiểm
35BB779B,Du Lịch
35BB7727,Laptop
35BB7727,Chế độ bảo hiểm
35BB7727,Du Lịch
35BB8447,Chế độ bảo hiểm
35BB8447,Du Lịch
35BB8447,Phụ cấp
35BB844A,Chế độ bảo hiểm
35BB844A,Phụ cấp
35BB844A,Chăm sóc sức khỏe
35BB7798,Laptop
35BB7798,Chế độ bảo hiểm
35BB7798,Phụ cấp
35BB8449,Laptop
35BB8449,Chế độ bảo hiểm
35BB8449,Phụ cấp
35BB78B1,Chế độ bảo hiểm
35BB78B1,Du Lịch
35BB78B1,Phụ cấp
35BB844D,Chế độ bảo hiểm
35BB844D,Du Lịch
35BB844D,Phụ cấp
35BB8453,Chế độ bảo hiểm
35BB8453,Du Lịch
35BB8453,Chế độ thưởng
35BB844E,Laptop
35BB844E,Chế độ bảo hiểm
35BB844E,Du Lịch
35BB8452,Chế độ bảo hiểm
35BB8452,Phụ cấp
35BB8452,Chế độ thưởng
35BB8443,Chế độ bảo hiểm
35BB8443,Du Lịch
35BB8443,Phụ cấp
35BB8455,Laptop
35BB8455,Chế độ bảo hiểm
35BB8455,Du Lịch
35BB83E2,Chế độ bảo hiểm
35BB83E2,Du Lịch
35BB83E2,Phụ cấp
35BB8409,Chế độ bảo hiểm
35BB8409,Du Lịch
35BB8409,Chế độ thưởng
35BB8456,Chế độ bảo hiểm
35BB8456,Du Lịch
35BB8456,Chế độ thưởng
35BB8407,Chế độ bảo hiểm
35BB8407,Du Lịch
35BB8407,Phụ cấp
35BB844F,Laptop
35BB844F,Chế độ bảo hiểm
35BB844F,Du Lịch
35BB8412,Laptop
35BB8412,Chế độ bảo hiểm
35BB8412,Du Lịch
35BB840F,Laptop
35BB840F,Chế độ bảo hiểm
35BB840F,Du Lịch
35BB8454,Chế độ bảo hiểm
35BB8454,Du Lịch
35BB8454,Phụ cấp
35BB8414,Chế độ bảo hiểm
35BB8414,Du Lịch
35BB8414,Chế độ thưởng
35BB840E,Chế độ bảo hiểm
35BB840E,Du Lịch
35BB840E,Chế độ thưởng
35BB840B,Chế độ bảo hiểm
35BB840B,Du Lịch
35BB840B,Chế độ thưởng
35BB8415,Laptop
35BB8415,Chế độ bảo hiểm
35BB8415,Du Lịch
35BB840C,Chế độ bảo hiểm
35BB840C,Du Lịch
35BB840C,Phụ cấp
35BB8411,Laptop
35BB8411,Chế độ bảo hiểm
35BB8411,Du Lịch
35BB8416,Chế độ bảo hiểm
35BB8416,Du Lịch
35BB8416,Phụ cấp
35BB8413,Laptop
35BB8413,Chế độ bảo hiểm
35BB8413,Du Lịch
35BB841D,Laptop
35BB841D,Chế độ bảo hiểm
35BB841D,Du Lịch
35BB841A,Laptop
35BB841A,Chế độ bảo hiểm
35BB841A,Du Lịch
35BB8419,Laptop
35BB8419,Chế độ bảo hiểm
35BB8419,Du Lịch
35BB83BD,Chế độ bảo hiểm
35BB83BD,Du Lịch
35BB83BD,Phụ cấp
35BB8417,Laptop
35BB8417,Chế độ bảo hiểm
35BB8417,Du Lịch
35BB841B,Laptop
35BB841B,Chế độ bảo hiểm
35BB841B,Đồng phục
35BB83C1,Chế độ bảo hiểm
35BB83C1,Du Lịch
35BB83C1,Phụ cấp
35BB83C5,Laptop
35BB83C5,Chế độ bảo hiểm
35BB83C5,Du Lịch
35BB83C4,Laptop
35BB83C4,Chế độ bảo hiểm
35BB83C4,Du Lịch
35BB83C7,Laptop
35BB83C7,Chế độ bảo hiểm
35BB83C7,Du Lịch
35BB83C8,Chế độ bảo hiểm
35BB83C8,Du Lịch
35BB83C8,Phụ cấp
35BB83CC,Chế độ bảo hiểm
35BB83CC,Du Lịch
35BB83CC,Xe đưa đón
35BB8396,Chế độ bảo hiểm
35BB8396,Du Lịch
35BB8396,Chế độ thưởng
35BB83C9,Chế độ bảo hiểm
35BB83C9,Du Lịch
35BB83C9,Phụ cấp
35BB83CD,Chế độ bảo hiểm
35BB83CD,Du Lịch
35BB83CD,Phụ cấp
35BB83CE,Chế độ bảo hiểm
35BB83CE,Du Lịch
35BB83CE,Chế độ thưởng
35BB83DC,Chế độ bảo hiểm
35BB83DC,Du Lịch
35BB83DC,Chế độ thưởng
35BB83D0,Chế độ bảo hiểm
35BB83D0,Du Lịch
35BB83D0,Phụ cấp
35BB83DD,Laptop
35BB83DD,Chế độ bảo hiểm
35BB83DD,Du Lịch
35BB83D1,Chế độ bảo hiểm
35BB83D1,Du Lịch
35BB83D1,Phụ cấp
35BB83CB,Chế độ bảo hiểm
35BB83CB,Du Lịch
35BB83CB,Phụ cấp
35BB83D2,Chế độ bảo hiểm
35BB83D2,Du Lịch
35BB83D2,Phụ cấp
35BB83D4,Laptop
35BB83D4,Chế độ bảo hiểm
35BB83D4,Du Lịch
35BB83D5,Chế độ bảo hiểm
35BB83D5,Du Lịch
35BB83D5,Phụ cấp
35BB8422,Chế độ bảo hiểm
35BB8422,Du Lịch
35BB8422,Chế độ thưởng
35BB841E,Laptop
35BB841E,Chế độ bảo hiểm
35BB841E,Du Lịch
35BB7910,Chế độ bảo hiểm
35BB7910,Du Lịch
35BB7910,Chế độ thưởng
35BB83D6,Du Lịch
35BB83D6,Phụ cấp
35BB83D6,Du lịch nước ngoài
35BB8382,Laptop
35BB8382,Chế độ bảo hiểm
35BB8382,Du Lịch
35BB8379,Chế độ bảo hiểm
35BB8379,Du Lịch
35BB8379,Chế độ thưởng
35BB8387,Laptop
35BB8387,Chế độ bảo hiểm
35BB8387,Du Lịch
35BB837F,Chế độ bảo hiểm
35BB837F,Du Lịch
35BB837F,Phụ cấp
35BB8384,Chế độ bảo hiểm
35BB8384,Du Lịch
35BB8384,Phụ cấp
35BB838A,Laptop
35BB838A,Chế độ bảo hiểm
35BB838A,Du Lịch
35BB838D,Chế độ bảo hiểm
35BB838D,Du Lịch
35BB838D,Chế độ thưởng
35BB8389,Chế độ bảo hiểm
35BB8389,Phụ cấp
35BB8389,Đồng phục
35BB8380,Chế độ thưởng
35BB8380,Chăm sóc sức khỏe
35BB8380,Đào tạo
35BB838C,Chế độ bảo hiểm
35BB838C,Du Lịch
35BB838C,Chế độ thưởng
35BB8390,Laptop
35BB8390,Chế độ bảo hiểm
35BB8390,Du Lịch
35BB8393,Chế độ bảo hiểm
35BB8393,Du Lịch
35BB8393,Chế độ thưởng
35BB6F76,Chế độ bảo hiểm
35BB6F76,Du Lịch
35BB6F76,Chế độ thưởng
35BB838F,Chế độ bảo hiểm
35BB838F,Du Lịch
35BB838F,Chế độ thưởng
35BB8392,Laptop
35BB8392,Chế độ bảo hiểm
35BB8392,Du Lịch
35BB8394,Laptop
35BB8394,Chế độ bảo hiểm
35BB8394,Du Lịch
35BB6F5C,Chế độ bảo hiểm
35BB6F5C,Du Lịch
35BB6F5C,Chế độ thưởng
35BB7791,Chế độ bảo hiểm
35BB7791,Du Lịch
35BB7791,Chế độ thưởng
35BB6F69,Chế độ bảo hiểm
35BB6F69,Du Lịch
35BB6F69,Phụ cấp
35BB8278,Laptop
35BB8278,Chế độ bảo hiểm
35BB8278,Du Lịch
35BB8342,Laptop
35BB8342,Chế độ bảo hiểm
35BB8342,Du Lịch
35BB833D,Chế độ bảo hiểm
35BB833D,Phụ cấp
35BB833D,Đồng phục
35BB8344,Chế độ bảo hiểm
35BB8344,Phụ cấp
35BB8344,Đồng phục
35BB834C,Laptop
35BB834C,Chế độ bảo hiểm
35BB834C,Du Lịch
35BB8338,Chế độ bảo hiểm
35BB8338,Du Lịch
35BB8338,Đồng phục
35BB8357,Laptop
35BB8357,Chế độ bảo hiểm
35BB8357,Du Lịch
35BB8350,Laptop
35BB8350,Chế độ bảo hiểm
35BB8350,Du Lịch
35BB8358,Laptop
35BB8358,Chế độ bảo hiểm
35BB8358,Du Lịch
35BB835A,Du Lịch
35BB835A,Phụ cấp
35BB835A,Chế độ thưởng
35BB8348,Chế độ bảo hiểm
35BB8348,Phụ cấp
35BB8348,Đồng phục
35BB8349,Unknown
35BB8352,Chế độ bảo hiểm
35BB8352,Du Lịch
35BB8352,Phụ cấp
35BB834F,Laptop
35BB834F,Chế độ bảo hiểm
35BB834F,Du Lịch
35BB834A,Laptop
35BB834A,Chế độ bảo hiểm
35BB834A,Du Lịch
35BB835B,Laptop
35BB835B,Chế độ bảo hiểm
35BB835B,Du Lịch
35BB825D,Laptop
35BB825D,Chế độ bảo hiểm
35BB825D,Du Lịch
35BB8309,Unknown
35BB8313,Laptop
35BB8313,Chế độ bảo hiểm
35BB8313,Du Lịch
35BB830C,Chế độ bảo hiểm
35BB830C,Du Lịch
35BB830C,Chế độ thưởng
35BB8308,Chế độ bảo hiểm
35BB8308,Du Lịch
35BB8308,Chế độ thưởng
35BB8306,Laptop
35BB8306,Chế độ bảo hiểm
35BB8306,Du Lịch
35BB830A,Chế độ bảo hiểm
35BB830A,Du Lịch
35BB830A,Chế độ thưởng
35BB8317,Chế độ bảo hiểm
35BB8317,Du Lịch
35BB8317,Chế độ thưởng
35BB830F,Chế độ bảo hiểm
35BB830F,Phụ cấp
35BB830F,Đồng phục
35BB8314,Chế độ bảo hiểm
35BB8314,Du Lịch
35BB8314,Chế độ thưởng
35BB8307,Chế độ bảo hiểm
35BB8307,Du Lịch
35BB8307,Phụ cấp
35BB8311,Chế độ bảo hiểm
35BB8311,Du Lịch
35BB8311,Phụ cấp
35BB82C9,Chế độ bảo hiểm
35BB82C9,Du Lịch
35BB82C9,Chế độ thưởng
35BB831D,Chế độ bảo hiểm
35BB831D,Du Lịch
35BB831D,Phụ cấp
35BB8319,Chế độ bảo hiểm
35BB8319,Du Lịch
35BB8319,Chế độ thưởng
35BB82C8,Chế độ bảo hiểm
35BB82C8,Du Lịch
35BB82C8,Chế độ thưởng
35BB82D1,Chế độ bảo hiểm
35BB82D1,Du Lịch
35BB82D1,Chế độ thưởng
35BB82CE,Laptop
35BB82CE,Chế độ bảo hiểm
35BB82CE,Du Lịch
35BB831A,Chế độ bảo hiểm
35BB831A,Du Lịch
35BB831A,Chế độ thưởng
35BB82D2,Chế độ bảo hiểm
35BB82D2,Du Lịch
35BB82D2,Phụ cấp
35BB82CC,Chế độ bảo hiểm
35BB82CC,Du Lịch
35BB82CC,Chế độ thưởng
35BB82CF,Phụ cấp
35BB82CF,Chăm sóc sức khỏe
35BB82CF,Đào tạo
35BB82DA,Chế độ bảo hiểm
35BB82DA,Du Lịch
35BB82DA,Chế độ thưởng
35BB82DC,Laptop
35BB82DC,Chế độ bảo hiểm
35BB82DC,Du Lịch
35BB828F,Laptop
35BB828F,Chế độ bảo hiểm
35BB828F,Du Lịch
35BB8031,Laptop
35BB8031,Chế độ bảo hiểm
35BB8031,Du Lịch
35BB82C0,Laptop
35BB82C0,Chế độ bảo hiểm
35BB82C0,Du Lịch
35BB828E,Chế độ bảo hiểm
35BB828E,Du Lịch
35BB828E,Chế độ thưởng
35BB82DB,Laptop
35BB82DB,Chế độ bảo hiểm
35BB82DB,Du Lịch
35BB8020,Chế độ bảo hiểm
35BB8020,Du Lịch
35BB8020,Phụ cấp
35BB828C,Laptop
35BB828C,Chế độ bảo hiểm
35BB828C,Du Lịch
35BB8291,Du Lịch
35BB8291,Phụ cấp
35BB8291,Du lịch nước ngoài
35BB8295,Chế độ bảo hiểm
35BB8295,Du Lịch
35BB8295,Phụ cấp
35BB8294,Laptop
35BB8294,Chế độ bảo hiểm
35BB8294,Du Lịch
35BB7A7E,Chế độ bảo hiểm
35BB7A7E,Du Lịch
35BB7A7E,Chế độ thưởng
35BB8299,Chế độ bảo hiểm
35BB8299,Du Lịch
35BB8299,Chế độ thưởng
35BB8290,Chế độ bảo hiểm
35BB8290,Phụ cấp
35BB8290,Xe đưa đón
35BB829C,Chế độ bảo hiểm
35BB829C,Du Lịch
35BB829C,Chế độ thưởng
35BB8298,Chế độ bảo hiểm
35BB8298,Du Lịch
35BB8298,Chế độ thưởng
35BB825B,Chế độ bảo hiểm
35BB825B,Du Lịch
35BB825B,Chế độ thưởng
35BB8225,Chế độ bảo hiểm
35BB8225,Du Lịch
35BB8225,Chế độ thưởng
35BB82A0,Chế độ bảo hiểm
35BB82A0,Du Lịch
35BB82A0,Xe đưa đón
35BB829A,Chế độ bảo hiểm
35BB829A,Du Lịch
35BB829A,Chế độ thưởng
35BB825E,Chế độ bảo hiểm
35BB825E,Du Lịch
35BB825E,Phụ cấp
35BB825F,Chế độ bảo hiểm
35BB825F,Du Lịch
35BB825F,Phụ cấp
35BB8248,Chế độ bảo hiểm
35BB8248,Du Lịch
35BB8248,Chế độ thưởng
35BB8263,Chế độ bảo hiểm
35BB8263,Du Lịch
35BB8263,Chế độ thưởng
35BB8253,Chế độ bảo hiểm
35BB8253,Phụ cấp
35BB8253,Chế độ thưởng
35BB8260,Đồng phục
35BB8266,Chế độ bảo hiểm
35BB8266,Du Lịch
35BB8266,Chế độ thưởng
35BB8255,Chế độ bảo hiểm
35BB8255,Du Lịch
35BB8255,Phụ cấp
35BB8258,Chế độ bảo hiểm
35BB8258,Du Lịch
35BB8258,Phụ cấp
35BB822B,Unknown
35BB8218,Chế độ bảo hiểm
35BB8218,Du Lịch
35BB8218,Chế độ thưởng
35BB8262,Laptop
35BB8262,Phụ cấp
35BB8262,Đào tạo
35BB824B,Laptop
35BB824B,Chế độ bảo hiểm
35BB824B,Du Lịch
35BB822F,Chế độ bảo hiểm
35BB822F,Du Lịch
35BB822F,Chế độ thưởng
35BB8201,Laptop
35BB8201,Chế độ bảo hiểm
35BB8201,Du Lịch
35BB8226,Laptop
35BB8226,Du Lịch
35BB8226,Phụ cấp
35BB822D,Chế độ bảo hiểm
35BB822D,Phụ cấp
35BB822D,Đồng phục
35BB8232,Laptop
35BB8232,Chế độ bảo hiểm
35BB8232,Du Lịch
35BB8228,Laptop
35BB8228,Chế độ bảo hiểm
35BB8228,Du Lịch
35BB8235,Laptop
35BB8235,Chế độ bảo hiểm
35BB8235,Du Lịch
35BB8236,Laptop
35BB8236,Chế độ bảo hiểm
35BB8236,Du Lịch
35BB8221,Chế độ bảo hiểm
35BB8221,Du Lịch
35BB8221,Chế độ thưởng
35BB8214,Chế độ bảo hiểm
35BB8214,Du Lịch
35BB8214,Đồng phục
35BB81E0,Chế độ bảo hiểm
35BB81E0,Du Lịch
35BB81E0,Đồng phục
35BB81D9,Chế độ bảo hiểm
35BB81D9,Du Lịch
35BB81D9,Chế độ thưởng
35BB8238,Laptop
35BB8238,Chế độ bảo hiểm
35BB8238,Du Lịch
35BB81DA,Chế độ bảo hiểm
35BB81DA,Du Lịch
35BB81DA,Phụ cấp
35BB8234,Laptop
35BB8234,Chế độ bảo hiểm
35BB8234,Du Lịch
35BB822E,Laptop
35BB822E,Chế độ bảo hiểm
35BB822E,Du Lịch
35BB81CD,Chế độ bảo hiểm
35BB81CD,Du Lịch
35BB81CD,Phụ cấp
35BB08B7,Laptop
35BB08B7,Chế độ bảo hiểm
35BB08B7,Du Lịch
35BB81E1,Laptop
35BB81E1,Chế độ bảo hiểm
35BB81E1,Du Lịch
35BB81E2,Chế độ bảo hiểm
35BB81E2,Du Lịch
35BB81E2,Chế độ thưởng
35BB81DB,Chế độ bảo hiểm
35BB81DB,Du Lịch
35BB81DB,Phụ cấp
35BB80A1,Laptop
35BB80A1,Chế độ bảo hiểm
35BB80A1,Du Lịch
35BB81EB,Laptop
35BB81EB,Phụ cấp
35BB81EB,Chăm sóc sức khỏe
35BB81E8,Laptop
35BB81E8,Chế độ bảo hiểm
35BB81E8,Du Lịch
35BB81E9,Chế độ bảo hiểm
35BB81E9,Du Lịch
35BB81E9,Chế độ thưởng
35BB81EE,Chế độ thưởng
35BB81EE,Đào tạo
35BB81EE,Tăng lương
35BB81E4,Laptop
35BB81E4,Chế độ bảo hiểm
35BB81E4,Du Lịch
35BB7A7A,Chế độ bảo hiểm
35BB7A7A,Du Lịch
35BB7A7A,Phụ cấp
35BB81E7,Laptop
35BB81E7,Chế độ bảo hiểm
35BB81E7,Du Lịch
35BB8095,Laptop
35BB8095,Chế độ bảo hiểm
35BB8095,Du Lịch
35BB8154,Chế độ bảo hiểm
35BB8154,Du Lịch
35BB8154,Phụ cấp
35BB7B99,Laptop
35BB7B99,Chế độ bảo hiểm
35BB7B99,Du Lịch
35BB7D95,Laptop
35BB7D95,Chế độ bảo hiểm
35BB7D95,Phụ cấp
35BB80A9,Xe đưa đón
35BB80A9,Đào tạo
35BB80C7,Chế độ bảo hiểm
35BB80C7,Du Lịch
35BB80C7,Phụ cấp
35BB8089,Laptop
35BB8089,Chế độ bảo hiểm
35BB8089,Du Lịch
35BB7F7F,Laptop
35BB7F7F,Chế độ bảo hiểm
35BB7F7F,Du Lịch
35BB81ED,Laptop
35BB81ED,Chế độ bảo hiểm
35BB81ED,Phụ cấp
35BB803C,Chế độ bảo hiểm
35BB803C,Du Lịch
35BB803C,Chế độ thưởng
35BB8066,Chế độ bảo hiểm
35BB8066,Du Lịch
35BB8066,Chế độ thưởng
35BB7C99,Chế độ bảo hiểm
35BB7C99,Du Lịch
35BB7C99,Phụ cấp
35BB81A2,Laptop
35BB81A2,Chế độ bảo hiểm
35BB81A2,Du Lịch
35BB81B0,Chế độ bảo hiểm
35BB81B0,Du Lịch
35BB81B0,Chế độ thưởng
35BB81AE,Laptop
35BB81AE,Chế độ bảo hiểm
35BB81AE,Phụ cấp
35BB81B2,Chế độ bảo hiểm
35BB81B2,Du Lịch
35BB81B2,Chế độ thưởng
35BB80EE,Laptop
35BB80EE,Chế độ bảo hiểm
35BB80EE,Du Lịch
35BB81B4,Chế độ bảo hiểm
35BB81B4,Du Lịch
35BB81B4,Phụ cấp
35BB8035,Laptop
35BB8035,Chế độ bảo hiểm
35BB8035,Du Lịch
35BB81AF,Laptop
35BB81AF,Chế độ bảo hiểm
35BB81AF,Du Lịch
35BB80F2,Laptop
35BB80F2,Chế độ bảo hiểm
35BB80F2,Du Lịch
35BB80FB,Laptop
35BB80FB,Chế độ bảo hiểm
35BB80FB,Du Lịch
35BB811D,Laptop
35BB811D,Chế độ bảo hiểm
35BB811D,Du Lịch
35BB812B,Laptop
35BB812B,Chế độ bảo hiểm
35BB812B,Du Lịch
35BB80FF,Chế độ bảo hiểm
35BB80FF,Du Lịch
35BB80FF,Phụ cấp
35BB80EC,Laptop
35BB80EC,Chế độ bảo hiểm
35BB80EC,Du Lịch
35BB8129,Laptop
35BB8129,Chế độ bảo hiểm
35BB8129,Du Lịch
35BB80F8,Laptop
35BB80F8,Chế độ bảo hiểm
35BB80F8,Du Lịch
35BB80F4,Laptop
35BB80F4,Chế độ bảo hiểm
35BB80F4,Du Lịch
35BB810B,Laptop
35BB810B,Chế độ bảo hiểm
35BB810B,Du Lịch
35BB811A,Laptop
35BB811A,Chế độ bảo hiểm
35BB811A,Du Lịch
35BB8127,Laptop
35BB8127,Chế độ bảo hiểm
35BB8127,Du Lịch
35BB80FE,Chế độ bảo hiểm
35BB80FE,Du Lịch
35BB80FE,Phụ cấp
35BB8118,Laptop
35BB8118,Chế độ bảo hiểm
35BB8118,Du Lịch
35BB816D,Laptop
35BB816D,Chế độ bảo hiểm
35BB816D,Phụ cấp
35BB8173,Chế độ bảo hiểm
35BB8173,Chế độ thưởng
35BB8173,Đào tạo
35BB80F5,Laptop
35BB80F5,Chế độ bảo hiểm
35BB80F5,Du Lịch
35BB811E,Laptop
35BB811E,Chế độ bảo hiểm
35BB811E,Du Lịch
35BB8109,Laptop
35BB8109,Phụ cấp
35BB8109,Xe đưa đón
35BB816F,Chế độ bảo hiểm
35BB816F,Du Lịch
35BB816F,Chế độ thưởng
35BB8176,Chế độ bảo hiểm
35BB8176,Du Lịch
35BB8176,Chế độ thưởng
35BB8172,Laptop
35BB8172,Chế độ bảo hiểm
35BB8172,Du Lịch
35BB8179,Laptop
35BB8179,Chế độ bảo hiểm
35BB8179,Du Lịch
35BB8174,Chế độ bảo hiểm
35BB8174,Du Lịch
35BB8174,Phụ cấp
35BB8177,Chế độ bảo hiểm
35BB8177,Du Lịch
35BB8177,Phụ cấp
35BB817C,Chế độ bảo hiểm
35BB817C,Du Lịch
35BB817C,Chế độ thưởng
35BB8171,Chế độ bảo hiểm
35BB8171,Du Lịch
35BB8171,Phụ cấp
35BB816E,Chế độ bảo hiểm
35BB816E,Du Lịch
35BB816E,Phụ cấp
35BB817D,Laptop
35BB817D,Chế độ bảo hiểm
35BB817D,Du Lịch
35BB817A,Chế độ bảo hiểm
35BB817A,Du Lịch
35BB817A,Chế độ thưởng
35BB817B,Chế độ bảo hiểm
35BB817B,Du Lịch
35BB817B,Chế độ thưởng
35BB8141,Chế độ bảo hiểm
35BB8141,Du Lịch
35BB8141,Chế độ thưởng
35BB8115,Laptop
35BB8115,Chế độ bảo hiểm
35BB8115,Du Lịch
35BB8101,Chế độ bảo hiểm
35BB8101,Du Lịch
35BB8101,Phụ cấp
35BB817F,Chế độ bảo hiểm
35BB817F,Du Lịch
35BB817F,Chế độ thưởng
35BB812E,Laptop
35BB812E,Chế độ bảo hiểm
35BB812E,Du Lịch
35BB810D,Laptop
35BB810D,Chế độ bảo hiểm
35BB810D,Du Lịch
35BB80EB,Laptop
35BB80EB,Chế độ bảo hiểm
35BB80EB,Du Lịch
35BB8123,Laptop
35BB8123,Chế độ bảo hiểm
35BB8123,Du Lịch
35BB8143,Laptop
35BB8143,Chế độ bảo hiểm
35BB8143,Du Lịch
35BB8144,Laptop
35BB8144,Chế độ bảo hiểm
35BB8144,Phụ cấp
35BB8114,Laptop
35BB8114,Chế độ bảo hiểm
35BB8114,Du Lịch
35BB810F,Laptop
35BB810F,Chế độ bảo hiểm
35BB810F,Du Lịch
35BB813B,Chế độ bảo hiểm
35BB813B,Phụ cấp
35BB813B,Đào tạo
35BB812F,Laptop
35BB812F,Chế độ bảo hiểm
35BB812F,Du Lịch
35BB8100,Chế độ bảo hiểm
35BB8100,Du Lịch
35BB8100,Phụ cấp
35BB80DF,Chế độ bảo hiểm
35BB80DF,Du Lịch
35BB80DF,Phụ cấp
35BB80E0,Chế độ bảo hiểm
35BB80E0,Du Lịch
35BB80E0,Chế độ thưởng
35BB80F3,Laptop
35BB80F3,Chế độ bảo hiểm
35BB80F3,Du Lịch
35BB80D6,Chế độ bảo hiểm
35BB80D6,Du Lịch
35BB80D6,Phụ cấp
35BB80E6,Chế độ bảo hiểm
35BB80E6,Du Lịch
35BB80E6,Chế độ thưởng
35BB8145,Chế độ bảo hiểm
35BB8145,Du Lịch
35BB8145,Phụ cấp
35BB8002,Chế độ bảo hiểm
35BB8002,Du Lịch
35BB8002,Phụ cấp
35BB80DC,Chế độ bảo hiểm
35BB80DC,Du Lịch
35BB80DC,Phụ cấp
35BB80D4,Chế độ bảo hiểm
35BB80D4,Du Lịch
35BB80D4,Đồng phục
35BB802A,Chế độ bảo hiểm
35BB802A,Du Lịch
35BB802A,Chế độ thưởng
35BB8099,Chế độ bảo hiểm
35BB8099,Du Lịch
35BB8099,Chế độ thưởng
35BB80DD,Chế độ bảo hiểm
35BB80DD,Du Lịch
35BB80DD,Phụ cấp
35BB80E2,Chế độ bảo hiểm
35BB80E2,Du Lịch
35BB80E2,Phụ cấp
35BB808F,Chế độ bảo hiểm
35BB808F,Du Lịch
35BB808F,Đồng phục
35BB80E5,Chế độ bảo hiểm
35BB80E5,Du Lịch
35BB80E5,Phụ cấp
35BB80DB,Chế độ bảo hiểm
35BB80DB,Du Lịch
35BB80DB,Phụ cấp
35BB80E4,Laptop
35BB80E4,Chế độ bảo hiểm
35BB80E4,Du Lịch
35BB7D17,Chế độ bảo hiểm
35BB7D17,Phụ cấp
35BB7D17,Đồng phục
35BB80A0,Chế độ bảo hiểm
35BB80A0,Du Lịch
35BB80A0,Đồng phục
35BB8093,Laptop
35BB8093,Chế độ bảo hiểm
35BB8093,Du Lịch
35BB809C,Chế độ bảo hiểm
35BB809C,Du Lịch
35BB809C,Chế độ thưởng
35BB80AB,Laptop
35BB80AB,Chế độ bảo hiểm
35BB80AB,Du Lịch
35BB805B,Chế độ thưởng
35BB805B,Đào tạo
35BB805B,Công tác phí
35BB80A6,Chế độ bảo hiểm
35BB80A6,Phụ cấp
35BB80A6,Đồng phục
35BB805C,Laptop
35BB805C,Chế độ bảo hiểm
35BB805C,Du Lịch
35BB805F,Chế độ bảo hiểm
35BB805F,Du Lịch
35BB805F,Chế độ thưởng
35BB804E,Laptop
35BB804E,Chế độ bảo hiểm
35BB804E,Chế độ thưởng
35BB805E,Laptop
35BB805E,Chế độ bảo hiểm
35BB805E,Du Lịch
35BB8063,Chế độ bảo hiểm
35BB8063,Du Lịch
35BB8063,Chế độ thưởng
35BB80A2,Chế độ bảo hiểm
35BB80A2,Du Lịch
35BB80A2,Phụ cấp
35BB8062,Laptop
35BB8062,Chế độ bảo hiểm
35BB8062,Du Lịch
35BB80A5,Laptop
35BB80A5,Chế độ bảo hiểm
35BB80A5,Du Lịch
35BB809E,Laptop
35BB809E,Chế độ bảo hiểm
35BB809E,Du Lịch
35BB8004,Laptop
35BB8004,Chế độ bảo hiểm
35BB8004,Du Lịch
35BB804D,Laptop
35BB804D,Chế độ bảo hiểm
35BB804D,Chế độ thưởng
35BB8010,Laptop
35BB8010,Chế độ bảo hiểm
35BB8010,Du Lịch
35BB7FEF,Chế độ bảo hiểm
35BB7FEF,Du Lịch
35BB7FEF,Phụ cấp
35BB800E,Laptop
35BB800E,Chế độ bảo hiểm
35BB800E,Du Lịch
35BB8016,Unknown
35BB8011,Chế độ bảo hiểm
35BB8011,Du Lịch
35BB8011,Phụ cấp
35BB8017,Chế độ bảo hiểm
35BB8017,Du Lịch
35BB8017,Phụ cấp
35BB8015,Chế độ bảo hiểm
35BB8015,Du Lịch
35BB8015,Phụ cấp
35BB8068,Laptop
35BB8068,Chế độ bảo hiểm
35BB8068,Du Lịch
35BB8014,Laptop
35BB8014,Chế độ bảo hiểm
35BB8014,Du Lịch
35BB804B,Laptop
35BB804B,Chế độ bảo hiểm
35BB804B,Chế độ thưởng
35BB7FCE,Laptop
35BB7FCE,Chế độ bảo hiểm
35BB7FCE,Du Lịch
35BB7FFD,Unknown
35BB7F01,Laptop
35BB7F01,Chế độ bảo hiểm
35BB7F01,Du Lịch
35BB8019,Chế độ bảo hiểm
35BB8019,Du Lịch
35BB8019,Phụ cấp
35BB7FD3,Laptop
35BB7FD3,Chế độ bảo hiểm
35BB7FD3,Du Lịch
35BB7FD0,Chế độ bảo hiểm
35BB7FD0,Du Lịch
35BB7FD0,Phụ cấp
35BB7FD5,Laptop
35BB7FD5,Chế độ bảo hiểm
35BB7FD5,Du Lịch
35BB7FD6,Chế độ bảo hiểm
35BB7FD6,Du Lịch
35BB7FD6,Chế độ thưởng
35BB7FDB,Chế độ bảo hiểm
35BB7FDB,Chế độ thưởng
35BB7FDB,Chăm sóc sức khỏe
35BB7FD8,Chế độ bảo hiểm
35BB7FD8,Du Lịch
35BB7FD8,Chế độ thưởng
35BB7FD7,Laptop
35BB7FD7,Chế độ bảo hiểm
35BB7FD7,Du Lịch
35BB7FD9,Chế độ bảo hiểm
35BB7FD9,Du Lịch
35BB7FD9,Chế độ thưởng
35BB7FE1,Chế độ bảo hiểm
35BB7FE1,Du Lịch
35BB7FE1,Đồng phục
35BB7FBE,Chế độ bảo hiểm
35BB7FBE,Du Lịch
35BB7FBE,Đồng phục
35BB7FDE,Chế độ bảo hiểm
35BB7FDE,Du Lịch
35BB7FDE,Phụ cấp
35BB7FDA,Đào tạo
35BB7FE0,Chế độ bảo hiểm
35BB7FE0,Du Lịch
35BB7FE0,Chế độ thưởng
35BB7F93,Laptop
35BB7F93,Chế độ bảo hiểm
35BB7F93,Du Lịch
35BB7FE3,Laptop
35BB7FE3,Chế độ bảo hiểm
35BB7FE3,Du Lịch
35BB7F8D,Chế độ bảo hiểm
35BB7F8D,Du Lịch
35BB7F8D,Chế độ thưởng
35BB7F95,Chế độ bảo hiểm
35BB7F95,Du Lịch
35BB7F95,Chế độ thưởng
35BB7F94,Chế độ bảo hiểm
35BB7F94,Du Lịch
35BB7F94,Phụ cấp
35BB7F98,Unknown
35BB7F69,Laptop
35BB7F69,Chế độ bảo hiểm
35BB7F69,Du Lịch
35BB7FE5,Laptop
35BB7FE5,Chế độ bảo hiểm
35BB7FE5,Du Lịch
35BB74EE,Laptop
35BB74EE,Chế độ bảo hiểm
35BB74EE,Du Lịch
35BB7F99,Laptop
35BB7F99,Chế độ bảo hiểm
35BB7F99,Du Lịch
35BB7F65,Unknown
35BB7F47,Chế độ bảo hiểm
35BB7F47,Du Lịch
35BB7F47,Đồng phục
35BB7FE6,Chế độ bảo hiểm
35BB7FE6,Du Lịch
35BB7FE6,Phụ cấp
35BB7F9C,Chế độ bảo hiểm
35BB7F9C,Du Lịch
35BB7F9C,Chế độ thưởng
35BB7F9B,Laptop
35BB7F9B,Chế độ bảo hiểm
35BB7F9B,Du Lịch
35BB7F7B,Unknown
35BB7F48,Chế độ bảo hiểm
35BB7F48,Du Lịch
35BB7F48,Chế độ thưởng
35BB7F4D,Chế độ bảo hiểm
35BB7F4D,Du Lịch
35BB7F4D,Chế độ thưởng
35BB7F49,Chế độ bảo hiểm
35BB7F49,Du Lịch
35BB7F49,Chế độ thưởng
35BB7F4A,Chế độ bảo hiểm
35BB7F4A,Du Lịch
35BB7F4A,Chế độ thưởng
35BB7F91,Chế độ bảo hiểm
35BB7F91,Du Lịch
35BB7F91,Phụ cấp
35BB7F51,Chế độ bảo hiểm
35BB7F51,Du Lịch
35BB7F51,Phụ cấp
35BB5CE6,Chế độ bảo hiểm
35BB5CE6,Phụ cấp
35BB5CE6,Chế độ thưởng
35BB7F4E,Laptop
35BB7F4E,Chế độ bảo hiểm
35BB7F4E,Du Lịch
35BB7F4F,Chế độ bảo hiểm
35BB7F4F,Du Lịch
35BB7F4F,Chế độ thưởng
35BB7F4C,Chế độ bảo hiểm
35BB7F4C,Du Lịch
35BB7F4C,Đồng phục
35BB7F54,Chế độ bảo hiểm
35BB7F54,Du Lịch
35BB7F54,Chế độ thưởng
35BB7F50,Chế độ bảo hiểm
35BB7F50,Du Lịch
35BB7F50,Chế độ thưởng
35BB7EFA,Chế độ bảo hiểm
35BB7EFA,Du Lịch
35BB7EFA,Xe đưa đón
35BB7EFF,Chế độ bảo hiểm
35BB7EFF,Du Lịch
35BB7EFF,Chế độ thưởng
35BB7F04,Chế độ bảo hiểm
35BB7F04,Du Lịch
35BB7F04,Chế độ thưởng
35BB7F02,Chế độ bảo hiểm
35BB7F02,Du Lịch
35BB7F02,Chế độ thưởng
35BB7F07,Chế độ bảo hiểm
35BB7F07,Du Lịch
35BB7F07,Chế độ thưởng
35BB7F08,Chế độ bảo hiểm
35BB7F08,Du Lịch
35BB7F08,Phụ cấp
35BB7F0E,Chế độ bảo hiểm
35BB7F0E,Du Lịch
35BB7F0E,Chế độ thưởng
35BB7F0D,Chế độ bảo hiểm
35BB7F0D,Du Lịch
35BB7F0D,Chế độ thưởng
35BB7F0B,Chế độ bảo hiểm
35BB7F0B,Du Lịch
35BB7F0B,Phụ cấp
35BB7F05,Laptop
35BB7F05,Chế độ bảo hiểm
35BB7F05,Du Lịch
35BB7AF0,Chế độ bảo hiểm
35BB7AF0,Du Lịch
35BB7AF0,Chế độ thưởng
35BB7F16,Laptop
35BB7F16,Chế độ bảo hiểm
35BB7F16,Du Lịch
35BB7F17,Chế độ bảo hiểm
35BB7F17,Du Lịch
35BB7F17,Chế độ thưởng
35BB7ECB,Laptop
35BB7ECB,Chế độ bảo hiểm
35BB7ECB,Phụ cấp
35BB7F15,Laptop
35BB7F15,Chế độ bảo hiểm
35BB7F15,Du Lịch
35BB7F13,Chế độ bảo hiểm
35BB7F13,Du Lịch
35BB7F13,Chế độ thưởng
35BB7ED6,Chế độ bảo hiểm
35BB7ED6,Du Lịch
35BB7ED6,Chế độ thưởng
35BB7ED0,Chế độ bảo hiểm
35BB7ED0,Du Lịch
35BB7ED0,Chế độ thưởng
35BB7EC8,Chế độ bảo hiểm
35BB7EC8,Du Lịch
35BB7EC8,Phụ cấp
35BB7EC9,Laptop
35BB7EC9,Chế độ bảo hiểm
35BB7EC9,Du Lịch
35BB7ED4,Chế độ bảo hiểm
35BB7ED4,Du Lịch
35BB7ED4,Chế độ thưởng
35BB7ECF,Chế độ bảo hiểm
35BB7ECF,Du Lịch
35BB7ECF,Chế độ thưởng
35BB7ED3,Chế độ bảo hiểm
35BB7ED3,Du Lịch
35BB7ED3,Đồng phục
35BB7EC7,Unknown
35BB7ED9,Chế độ bảo hiểm
35BB7ED9,Du Lịch
35BB7ED9,Đồng phục
35BB7EDA,Chế độ bảo hiểm
35BB7EDA,Du Lịch
35BB7EDA,Chế độ thưởng
35BB7E83,Laptop
35BB7E83,Chế độ bảo hiểm
35BB7E83,Du Lịch
35BB7E82,Laptop
35BB7E82,Chế độ bảo hiểm
35BB7E82,Du Lịch
35BB7EDC,Chế độ bảo hiểm
35BB7EDC,Du Lịch
35BB7EDC,Chế độ thưởng
35BB7ED8,Chế độ bảo hiểm
35BB7ED8,Du Lịch
35BB7ED8,Chế độ thưởng
35BB7E86,Chế độ bảo hiểm
35BB7E86,Du Lịch
35BB7E86,Phụ cấp
35BB7E85,Laptop
35BB7E85,Chế độ bảo hiểm
35BB7E85,Du Lịch
35BB7E84,Chế độ bảo hiểm
35BB7E84,Du Lịch
35BB7E84,Phụ cấp
35BB7E88,Chế độ bảo hiểm
35BB7E88,Du Lịch
35BB7E88,Đồng phục
35BB7E8A,Đồng phục
35BB7E8F,Chế độ bảo hiểm
35BB7E8F,Du Lịch
35BB7E8F,Phụ cấp
35BB7E8C,Chế độ bảo hiểm
35BB7E8C,Du Lịch
35BB7E8C,Xe đưa đón
35BB7E52,Chế độ bảo hiểm
35BB7E52,Du Lịch
35BB7E52,Phụ cấp
35BB7E3B,Laptop
35BB7E3B,Chế độ bảo hiểm
35BB7E3B,Du Lịch
35BB7E3E,Unknown
35BB7E3F,Chế độ bảo hiểm
35BB7E3F,Du Lịch
35BB7E3F,Chế độ thưởng
35BB7E43,Laptop
35BB7E43,Chế độ bảo hiểm
35BB7E43,Du Lịch
35BB0376,Laptop
35BB0376,Chế độ bảo hiểm
35BB0376,Du Lịch
35BB7E87,Chế độ bảo hiểm
35BB7E87,Du Lịch
35BB7E87,Phụ cấp
35BB7E42,Chế độ bảo hiểm
35BB7E42,Du Lịch
35BB7E42,Phụ cấp
35BB7E46,Chế độ bảo hiểm
35BB7E46,Du Lịch
35BB7E46,Phụ cấp
35BB7E44,Chế độ bảo hiểm
35BB7E44,Du Lịch
35BB7E44,Phụ cấp
35BB7E45,Chế độ bảo hiểm
35BB7E45,Du Lịch
35BB7E45,Phụ cấp
35BB7E48,Chế độ bảo hiểm
35BB7E48,Du Lịch
35BB7E48,Phụ cấp
35BB7E47,Chế độ bảo hiểm
35BB7E47,Du Lịch
35BB7E47,Phụ cấp
35BB7E89,Chế độ bảo hiểm
35BB7E89,Du Lịch
35BB7E89,Phụ cấp
35BB7897,Chế độ bảo hiểm
35BB7897,Chế độ thưởng
35BB7897,Chăm sóc sức khỏe
35BB75D2,Chế độ bảo hiểm
35BB75D2,Du Lịch
35BB75D2,Chế độ thưởng
35BB7E4A,Chế độ bảo hiểm
35BB7E4A,Du Lịch
35BB7E4A,Chế độ thưởng
35BB7E4E,Laptop
35BB7E4E,Chế độ bảo hiểm
35BB7E4E,Du Lịch
35BB7E40,Chế độ bảo hiểm
35BB7E40,Du Lịch
35BB7E40,Chế độ thưởng
35BB7E4F,Laptop
35BB7E4F,Chế độ bảo hiểm
35BB7E4F,Du Lịch
35BB7E92,Chế độ bảo hiểm
35BB7E92,Du Lịch
35BB7E92,Chế độ thưởng
35BB7E50,Chế độ bảo hiểm
35BB7E50,Phụ cấp
35BB7E50,Đồng phục
35BB7E94,Laptop
35BB7E94,Chế độ bảo hiểm
35BB7E94,Đồng phục
35BB7E51,Chế độ bảo hiểm
35BB7E51,Du Lịch
35BB7E51,Phụ cấp
35BB7E91,Chế độ bảo hiểm
35BB7E91,Du Lịch
35BB7E91,Phụ cấp
35BB7E8D,Chế độ bảo hiểm
35BB7E8D,Du Lịch
35BB7E8D,Xe đưa đón
35BB7E96,Chế độ bảo hiểm
35BB7E96,Du Lịch
35BB7E96,Chế độ thưởng
35BB7E95,Chế độ bảo hiểm
35BB7E95,Du Lịch
35BB7E95,Phụ cấp
35BB7E99,Laptop
35BB7E99,Chế độ bảo hiểm
35BB7E99,Du Lịch
35BB7D6E,Chế độ bảo hiểm
35BB7D6E,Du Lịch
35BB7D6E,Phụ cấp
35BB7EE0,Chế độ bảo hiểm
35BB7EE0,Du Lịch
35BB7EE0,Chế độ thưởng
35BB7EE1,Laptop
35BB7EE1,Chế độ bảo hiểm
35BB7EE1,Du Lịch
35BB7E9A,Laptop
35BB7E9A,Chế độ bảo hiểm
35BB7E9A,Du Lịch
35BB7EE4,Chế độ bảo hiểm
35BB7EE4,Du Lịch
35BB7EE4,Đồng phục
35BB7EE3,Laptop
35BB7EE3,Chế độ bảo hiểm
35BB7EE3,Du Lịch
35BB7EE5,Laptop
35BB7EE5,Chế độ bảo hiểm
35BB7EE5,Du Lịch
35BB7F0F,Laptop
35BB7F0F,Chế độ bảo hiểm
35BB7F0F,Du Lịch
35BB7F14,Laptop
35BB7F14,Chế độ bảo hiểm
35BB7F14,Du Lịch
35BB7F18,Chế độ bảo hiểm
35BB7F18,Du Lịch
35BB7F18,Phụ cấp
35BB7F1C,Laptop
35BB7F1C,Chế độ bảo hiểm
35BB7F1C,Du Lịch
35BB7F1B,Chế độ bảo hiểm
35BB7F1B,Chăm sóc sức khỏe
35BB7F1B,Đào tạo
35BB7F5C,Chế độ bảo hiểm
35BB7F5C,Du Lịch
35BB7F5C,Phụ cấp
35BB7F57,Chế độ bảo hiểm
35BB7F57,Du Lịch
35BB7F57,Xe đưa đón
35BB7F52,Laptop
35BB7F52,Phụ cấp
35BB7F52,Chế độ thưởng
35BB7F5A,Laptop
35BB7F5A,Chế độ bảo hiểm
35BB7F5A,Du Lịch
35BB7F5F,Chế độ bảo hiểm
35BB7F5F,Du Lịch
35BB7F5F,Phụ cấp
35BB7F56,Laptop
35BB7F56,Chế độ bảo hiểm
35BB7F56,Du Lịch
35BB7F9E,Laptop
35BB7F9E,Chế độ bảo hiểm
35BB7F9E,Du Lịch
35BB7F1D,Du Lịch
35BB7F1D,Phụ cấp
35BB7F1D,Đào tạo
35BB7F5D,Laptop
35BB7F5D,Chế độ bảo hiểm
35BB7F5D,Du Lịch
35BB7FA0,Laptop
35BB7FA0,Chế độ bảo hiểm
35BB7FA0,Du Lịch
35BB7F6F,Chế độ bảo hiểm
35BB7F6F,Du Lịch
35BB7F6F,Phụ cấp
35BB7F86,Chế độ bảo hiểm
35BB7F86,Du Lịch
35BB7F86,Chế độ thưởng
35BB7FA6,Chế độ bảo hiểm
35BB7FA6,Chế độ thưởng
35BB7FA6,Chăm sóc sức khỏe
35BB7FA5,Laptop
35BB7FA5,Chế độ bảo hiểm
35BB7FA5,Du Lịch
35BB7FA2,Chế độ bảo hiểm
35BB7FA2,Du Lịch
35BB7FA2,Phụ cấp
35BB7FE7,Unknown
35BB7FE2,Laptop
35BB7FE2,Chế độ bảo hiểm
35BB7FE2,Du Lịch
35BB8018,Chế độ bảo hiểm
35BB8018,Du Lịch
35BB8018,Phụ cấp
35BB801C,Laptop
35BB801C,Chế độ bảo hiểm
35BB801C,Du Lịch
35BB8029,Laptop
35BB8029,Chế độ bảo hiểm
35BB8029,Du Lịch
35BB802C,Laptop
35BB802C,Chế độ bảo hiểm
35BB802C,Du Lịch
35BB7FFE,Chế độ bảo hiểm
35BB7FFE,Du Lịch
35BB7FFE,Phụ cấp
35BB8030,Chế độ bảo hiểm
35BB8030,Du Lịch
35BB8030,Chế độ thưởng
35BB8033,Chế độ bảo hiểm
35BB8033,Du Lịch
35BB8033,Chế độ thưởng
35BB7F8E,Chế độ bảo hiểm
35BB7F8E,Du Lịch
35BB7F8E,Phụ cấp
35BB802F,Chế độ bảo hiểm
35BB802F,Chăm sóc sức khỏe
35BB802F,Tăng lương
35BB804A,Laptop
35BB804A,Chế độ bảo hiểm
35BB804A,Chế độ thưởng
35BB806D,Laptop
35BB806D,Chế độ bảo hiểm
35BB806D,Chế độ thưởng
35BB8067,Laptop
35BB8067,Chế độ bảo hiểm
35BB8067,Du Lịch
35BB8064,Laptop
35BB8064,Chế độ bảo hiểm
35BB8064,Phụ cấp
35BB8061,Chế độ bảo hiểm
35BB8061,Du Lịch
35BB8061,Chế độ thưởng
35BB806C,Laptop
35BB806C,Chế độ bảo hiểm
35BB806C,Du Lịch
35BB8073,Laptop
35BB8073,Chế độ bảo hiểm
35BB8073,Du Lịch
35BB8072,Chế độ bảo hiểm
35BB8072,Du Lịch
35BB8072,Chế độ thưởng
35BB80AC,Chế độ bảo hiểm
35BB80AC,Du Lịch
35BB80AC,Chế độ thưởng
35BB80AE,Laptop
35BB80AE,Chế độ bảo hiểm
35BB80AE,Du Lịch
35BB80A8,Laptop
35BB80A8,Chế độ bảo hiểm
35BB80A8,Du Lịch
35BB806F,Chế độ bảo hiểm
35BB806F,Du Lịch
35BB806F,Chế độ thưởng
35BB8060,Chế độ bảo hiểm
35BB8060,Chế độ thưởng
35BB8060,Chăm sóc sức khỏe
35BB8094,Chế độ bảo hiểm
35BB8094,Du Lịch
35BB8094,Chế độ thưởng
35BB80AD,Chế độ bảo hiểm
35BB80AD,Du Lịch
35BB80AD,Chế độ thưởng
35BB809B,Laptop
35BB809B,Chế độ bảo hiểm
35BB809B,Du Lịch
35BB80B6,Laptop
35BB80B6,Chế độ bảo hiểm
35BB80B6,Du Lịch
35BB80DA,Chế độ bảo hiểm
35BB80DA,Du Lịch
35BB80DA,Phụ cấp
35BB80B2,Laptop
35BB80B2,Chế độ bảo hiểm
35BB80B2,Du Lịch
35BB80B1,Chế độ bảo hiểm
35BB80B1,Du Lịch
35BB80B1,Phụ cấp
35BB80C5,Laptop
35BB80C5,Chế độ bảo hiểm
35BB80C5,Du Lịch
35BB80D9,Chế độ bảo hiểm
35BB80D9,Du Lịch
35BB80D9,Phụ cấp
35BB77C3,Chế độ bảo hiểm
35BB77C3,Phụ cấp
35BB77C3,Chế độ thưởng
35BB80E7,Laptop
35BB80E7,Chế độ bảo hiểm
35BB80E7,Du Lịch
35BB7E18,Chế độ bảo hiểm
35BB7E18,Du Lịch
35BB7E18,Chế độ thưởng
35BB7E12,Laptop
35BB7E12,Chế độ bảo hiểm
35BB7E12,Du Lịch
35BB7E1A,Chế độ bảo hiểm
35BB7E1A,Du Lịch
35BB7E1A,Phụ cấp
35BB7E13,Laptop
35BB7E13,Chế độ bảo hiểm
35BB7E13,Du Lịch
35BB7E1D,Laptop
35BB7E1D,Chế độ bảo hiểm
35BB7E1D,Du Lịch
35BB7E20,Laptop
35BB7E20,Chế độ bảo hiểm
35BB7E20,Du Lịch
35BB7E1F,Chế độ bảo hiểm
35BB7E1F,Du Lịch
35BB7E1F,Chế độ thưởng
35BB7959,Laptop
35BB7959,Chế độ bảo hiểm
35BB7959,Du Lịch
35BB7C71,Laptop
35BB7C71,Chế độ bảo hiểm
35BB7C71,Du Lịch
35BB7D7B,Unknown
35BB7DE3,Chế độ bảo hiểm
35BB7DE3,Du Lịch
35BB7DE3,Chế độ thưởng
35BB7DE2,Laptop
35BB7DE2,Chế độ bảo hiểm
35BB7DE2,Du Lịch
35BB7DE4,Laptop
35BB7DE4,Chế độ bảo hiểm
35BB7DE4,Du Lịch
35BB7DD5,Laptop
35BB7DD5,Chế độ bảo hiểm
35BB7DD5,Du Lịch
35BB7DE0,Chế độ bảo hiểm
35BB7DE0,Du Lịch
35BB7DE0,Phụ cấp
35BB7DE1,Laptop
35BB7DE1,Chế độ bảo hiểm
35BB7DE1,Du Lịch
35BB7CDA,Chế độ bảo hiểm
35BB7CDA,Du Lịch
35BB7CDA,Chế độ thưởng
35BB7D55,Chế độ bảo hiểm
35BB7D55,Du Lịch
35BB7D55,Chế độ thưởng
35BB7DA2,Chế độ bảo hiểm
35BB7DA2,Du Lịch
35BB7DA2,Phụ cấp
35BB7D98,Chế độ bảo hiểm
35BB7D98,Du Lịch
35BB7D98,Phụ cấp
35BB7DAB,Chế độ bảo hiểm
35BB7DAB,Du Lịch
35BB7DAB,Phụ cấp
35BB7DB0,Phụ cấp
35BB7DB0,Chế độ thưởng
35BB7DB0,Đào tạo
35BB7DAF,Laptop
35BB7DAF,Chế độ bảo hiểm
35BB7DAF,Du Lịch
35BB7DAE,Unknown
35BB7DAA,Chế độ bảo hiểm
35BB7DAA,Du Lịch
35BB7DAA,Chế độ thưởng
35BB7D65,Laptop
35BB7D65,Chế độ bảo hiểm
35BB7D65,Du Lịch
35BB7D39,Laptop
35BB7D39,Chế độ bảo hiểm
35BB7D39,Du Lịch
35BB7D6B,Unknown
35BB7D69,Chế độ bảo hiểm
35BB7D69,Du Lịch
35BB7D69,Chế độ thưởng
35BB7D67,Chế độ bảo hiểm
35BB7D67,Du Lịch
35BB7D67,Chế độ thưởng
35BB7D66,Chế độ bảo hiểm
35BB7D66,Du Lịch
35BB7D66,Chế độ thưởng
35BB7D61,Laptop
35BB7D61,Chế độ bảo hiểm
35BB7D61,Du Lịch
35BB7D70,Laptop
35BB7D70,Chế độ bảo hiểm
35BB7D70,Du Lịch
35BB7D71,Chế độ bảo hiểm
35BB7D71,Du Lịch
35BB7D71,Chế độ thưởng
35BB7D68,Laptop
35BB7D68,Chế độ bảo hiểm
35BB7D68,Du Lịch
35BB7D21,Chế độ bảo hiểm
35BB7D21,Du Lịch
35BB7D21,Chế độ thưởng
35BB7D6D,Unknown
35BB7D25,Chế độ bảo hiểm
35BB7D25,Du Lịch
35BB7D25,Phụ cấp
35BB7D27,Chế độ bảo hiểm
35BB7D27,Du Lịch
35BB7D27,Phụ cấp
35BB7D26,Chế độ bảo hiểm
35BB7D26,Du Lịch
35BB7D26,Phụ cấp
35BB7D2A,Chế độ bảo hiểm
35BB7D2A,Du Lịch
35BB7D2A,Phụ cấp
35BB7D2F,Unknown
35BB7D38,Chế độ bảo hiểm
35BB7D38,Du Lịch
35BB7D38,Chế độ thưởng
35BB7D34,Chế độ bảo hiểm
35BB7D34,Du Lịch
35BB7D34,Chế độ thưởng
35BB7D24,Laptop
35BB7D24,Chế độ bảo hiểm
35BB7D24,Du Lịch
35BB7D2E,Laptop
35BB7D2E,Chế độ bảo hiểm
35BB7D2E,Đồng phục
35BB7D32,Chế độ bảo hiểm
35BB7D32,Du Lịch
35BB7D32,Phụ cấp
35BB7D36,Chế độ bảo hiểm
35BB7D36,Du Lịch
35BB7D36,Phụ cấp
35BB7D35,Chế độ bảo hiểm
35BB7D35,Du Lịch
35BB7D35,Chế độ thưởng
35BB7D1E,Chế độ bảo hiểm
35BB7D1E,Du Lịch
35BB7D1E,Phụ cấp
35BB7CE6,Chế độ bảo hiểm
35BB7CE6,Du Lịch
35BB7CE6,Chế độ thưởng
35BB7CE4,Chế độ bảo hiểm
35BB7CE4,Du Lịch
35BB7CE4,Chế độ thưởng
35BB7C52,Chế độ bảo hiểm
35BB7C52,Du Lịch
35BB7C52,Chế độ thưởng
35BB7C3C,Chế độ bảo hiểm
35BB7C3C,Du Lịch
35BB7C3C,Chế độ thưởng
35BB7CE2,Chế độ bảo hiểm
35BB7CE2,Đồng phục
35BB7CE2,Chăm sóc sức khỏe
35BB7CE5,Laptop
35BB7CE5,Chế độ bảo hiểm
35BB7CE5,Du Lịch
35BB7CE9,Laptop
35BB7CE9,Chế độ bảo hiểm
35BB7CE9,Du Lịch
35BB7CE7,Chế độ bảo hiểm
35BB7CE7,Du Lịch
35BB7CE7,Chế độ thưởng
35BB7CEC,Chế độ bảo hiểm
35BB7CEC,Du Lịch
35BB7CEC,Phụ cấp
35BB7CEA,Chế độ bảo hiểm
35BB7CEA,Du Lịch
35BB7CEA,Phụ cấp
35BB7CE1,Chế độ bảo hiểm
35BB7CE1,Du Lịch
35BB7CE1,Chế độ thưởng
35BB7B24,Chế độ bảo hiểm
35BB7B24,Du Lịch
35BB7B24,Chế độ thưởng
35BB7C01,Chế độ bảo hiểm
35BB7C01,Du Lịch
35BB7C01,Chế độ thưởng
35BB7CF0,Chế độ bảo hiểm
35BB7CF0,Du Lịch
35BB7CF0,Phụ cấp
35BB7CE8,Laptop
35BB7CE8,Chế độ bảo hiểm
35BB7CE8,Du Lịch
35BB7CA5,Laptop
35BB7CA5,Chế độ bảo hiểm
35BB7CA5,Du Lịch
35BB7CAB,Chế độ bảo hiểm
35BB7CAB,Du Lịch
35BB7CAB,Chế độ thưởng
35BB7CAC,Laptop
35BB7CAC,Chế độ bảo hiểm
35BB7CAC,Du Lịch
35BB7CA9,Chế độ bảo hiểm
35BB7CA9,Du Lịch
35BB7CA9,Chế độ thưởng
35BB7CAD,Chế độ bảo hiểm
35BB7CAD,Du Lịch
35BB7CAD,Phụ cấp
35BB7CB0,Chế độ bảo hiểm
35BB7CB0,Du Lịch
35BB7CB0,Chế độ thưởng
35BB7CB2,Unknown
35BB7B6F,Laptop
35BB7B6F,Chế độ bảo hiểm
35BB7B6F,Du Lịch
35BB7CAE,Chế độ bảo hiểm
35BB7CAE,Du Lịch
35BB7CAE,Chế độ thưởng
35BB7CB1,Laptop
35BB7CB1,Chế độ bảo hiểm
35BB7CB1,Du Lịch
35BB7CB6,Chế độ bảo hiểm
35BB7CB6,Du Lịch
35BB7CB6,Phụ cấp
35BB7CB3,Laptop
35BB7CB3,Chế độ bảo hiểm
35BB7CB3,Du Lịch
35BB7CB4,Chế độ bảo hiểm
35BB7CB4,Du Lịch
35BB7CB4,Phụ cấp
35BB7CB5,Chế độ bảo hiểm
35BB7CB5,Du Lịch
35BB7CB5,Chế độ thưởng
35BB7CB7,Chế độ bảo hiểm
35BB7CB7,Du Lịch
35BB7CB7,Xe đưa đón
35BB7CBB,Chế độ bảo hiểm
35BB7CBB,Du Lịch
35BB7CBB,Phụ cấp
35BB7CB9,Chế độ bảo hiểm
35BB7CB9,Du Lịch
35BB7CB9,Chế độ thưởng
35BB7C5D,Chế độ bảo hiểm
35BB7C5D,Du Lịch
35BB7C5D,Chế độ thưởng
35BB7C67,Laptop
35BB7C67,Chế độ bảo hiểm
35BB7C67,Du Lịch
35BB7C69,Chế độ bảo hiểm
35BB7C69,Du Lịch
35BB7C69,Xe đưa đón
35BB7C6F,Chế độ bảo hiểm
35BB7C6F,Du Lịch
35BB7C6F,Xe đưa đón
35BB7C76,Chế độ bảo hiểm
35BB7C76,Du Lịch
35BB7C76,Chế độ thưởng
35BB7C6A,Chế độ bảo hiểm
35BB7C6A,Du Lịch
35BB7C6A,Chế độ thưởng
35BB7C64,Chế độ bảo hiểm
35BB7C64,Du Lịch
35BB7C64,Đồng phục
35BB7C51,Laptop
35BB7C51,Chế độ bảo hiểm
35BB7C51,Du Lịch
35BB7C4F,Chế độ bảo hiểm
35BB7C4F,Du Lịch
35BB7C4F,Phụ cấp
35BB7C73,Laptop
35BB7C73,Chế độ bảo hiểm
35BB7C73,Du Lịch
35BB7C72,Chế độ bảo hiểm
35BB7C72,Du Lịch
35BB7C72,Phụ cấp
35BB7C6C,Laptop
35BB7C6C,Chế độ bảo hiểm
35BB7C6C,Du Lịch
35BB7C18,Laptop
35BB7C18,Chế độ bảo hiểm
35BB7C18,Du Lịch
35BB7C75,Chế độ bảo hiểm
35BB7C75,Du Lịch
35BB7C75,Phụ cấp
35BB7C11,Laptop
35BB7C11,Chế độ bảo hiểm
35BB7C11,Du Lịch
35BB7C1F,Chế độ bảo hiểm
35BB7C1F,Du Lịch
35BB7C1F,Phụ cấp
35BB7C21,Laptop
35BB7C21,Chế độ bảo hiểm
35BB7C21,Du Lịch
35BB7C1E,Chế độ bảo hiểm
35BB7C1E,Du Lịch
35BB7C1E,Chế độ thưởng
35BB7C1B,Laptop
35BB7C1B,Chế độ bảo hiểm
35BB7C1B,Du Lịch
35BB7C1D,Laptop
35BB7C1D,Chế độ bảo hiểm
35BB7C1D,Du Lịch
35BB7BC8,Laptop
35BB7BC8,Chế độ bảo hiểm
35BB7BC8,Du Lịch
35BB7C27,Unknown
35BB7C28,Chế độ bảo hiểm
35BB7C28,Du Lịch
35BB7C28,Chế độ thưởng
35BB7C2B,Chế độ bảo hiểm
35BB7C2B,Du Lịch
35BB7C2B,Phụ cấp
35BB7C22,Chế độ bảo hiểm
35BB7C22,Du Lịch
35BB7C22,Phụ cấp
35BB7C2C,Chế độ bảo hiểm
35BB7C2C,Du Lịch
35BB7C2C,Phụ cấp
35BB7C26,Chế độ bảo hiểm
35BB7C26,Phụ cấp
35BB7C26,Chế độ thưởng
35BB7C2E,Chế độ bảo hiểm
35BB7C2E,Du Lịch
35BB7C2E,Chế độ thưởng
35BB7C09,Laptop
35BB7C09,Chế độ bảo hiểm
35BB7C09,Du Lịch
35BB7C0B,Laptop
35BB7C0B,Chế độ bảo hiểm
35BB7C0B,Du Lịch
35BB7C05,Du Lịch
35BB7C05,Phụ cấp
35BB7C05,Chăm sóc sức khỏe
35BB7C0C,Laptop
35BB7C0C,Chế độ bảo hiểm
35BB7C0C,Du Lịch
35BB7C04,Chế độ bảo hiểm
35BB7C04,Du Lịch
35BB7C04,Phụ cấp
35BB7A91,Chế độ bảo hiểm
35BB7A91,Du Lịch
35BB7A91,Chế độ thưởng
35BB7C10,Laptop
35BB7C10,Chế độ bảo hiểm
35BB7C10,Du Lịch
35BB7C0A,Laptop
35BB7C0A,Chế độ bảo hiểm
35BB7C0A,Du Lịch
35BB7B6B,Laptop
35BB7B6B,Chế độ bảo hiểm
35BB7B6B,Du Lịch
35BB7AB3,Laptop
35BB7AB3,Chế độ bảo hiểm
35BB7AB3,Du Lịch
35BB7B6A,Chế độ bảo hiểm
35BB7B6A,Du Lịch
35BB7B6A,Chế độ thưởng
35BB7B6C,Chế độ bảo hiểm
35BB7B6C,Du Lịch
35BB7B6C,Phụ cấp
35BB7B73,Laptop
35BB7B73,Chế độ bảo hiểm
35BB7B73,Du Lịch
35BB7B74,Chế độ bảo hiểm
35BB7B74,Du Lịch
35BB7B74,Chế độ thưởng
35BB7B1D,Laptop
35BB7B1D,Đào tạo
35BB7B1D,Tăng lương
35BB7B27,Chế độ bảo hiểm
35BB7B27,Du Lịch
35BB7B27,Phụ cấp
35BB7B26,Chế độ bảo hiểm
35BB7B26,Du Lịch
35BB7B26,Phụ cấp
35BB7B28,Chế độ bảo hiểm
35BB7B28,Du Lịch
35BB7B28,Chế độ thưởng
35BB7B2A,Laptop
35BB7B2A,Chế độ bảo hiểm
35BB7B2A,Du Lịch
35BB7B29,Laptop
35BB7B29,Chế độ bảo hiểm
35BB7B29,Du Lịch
35BB7B2C,Laptop
35BB7B2C,Chế độ bảo hiểm
35BB7B2C,Phụ cấp
35BB7AFB,Laptop
35BB7AFB,Chế độ bảo hiểm
35BB7AFB,Du Lịch
35BB7AC2,Laptop
35BB7AC2,Chế độ bảo hiểm
35BB7AC2,Phụ cấp
35BB7AD7,Chế độ bảo hiểm
35BB7AD7,Du Lịch
35BB7AD7,Đồng phục
35BB7822,Chế độ bảo hiểm
35BB7822,Du Lịch
35BB7822,Phụ cấp
35BB7A66,Chế độ bảo hiểm
35BB7A66,Du Lịch
35BB7A66,Chế độ thưởng
35BB7AE2,Chế độ bảo hiểm
35BB7AE2,Du Lịch
35BB7AE2,Chế độ thưởng
35BB7AD3,Chế độ bảo hiểm
35BB7AD3,Du Lịch
35BB7AD3,Chăm sóc sức khỏe
35BB7ADE,Chế độ bảo hiểm
35BB7ADE,Du Lịch
35BB7ADE,Chế độ thưởng
35BB7AE3,Chế độ bảo hiểm
35BB7AE3,Du Lịch
35BB7AE3,Chế độ thưởng
35BB7AE0,Chế độ bảo hiểm
35BB7AE0,Du Lịch
35BB7AE0,Chế độ thưởng
35BB7AE4,Chế độ bảo hiểm
35BB7AE4,Du Lịch
35BB7AE4,Phụ cấp
35BB795B,Laptop
35BB795B,Chế độ bảo hiểm
35BB795B,Du Lịch
35BB7AEB,Laptop
35BB7AEB,Chế độ bảo hiểm
35BB7AEB,Du Lịch
35BB7AE9,Laptop
35BB7AE9,Chế độ bảo hiểm
35BB7AE9,Du Lịch
35BB7A83,Chế độ bảo hiểm
35BB7A83,Du Lịch
35BB7A83,Xe đưa đón
35BB7A8E,Chế độ bảo hiểm
35BB7A8E,Du Lịch
35BB7A8E,Chế độ thưởng
35BB7A90,Chế độ bảo hiểm
35BB7A90,Du Lịch
35BB7A90,Chế độ thưởng
35BB7A85,Laptop
35BB7A85,Chế độ bảo hiểm
35BB7A85,Du Lịch
35BB7AE6,Laptop
35BB7AE6,Chế độ bảo hiểm
35BB7AE6,Du Lịch
35BB7A92,Chế độ bảo hiểm
35BB7A92,Đồng phục
35BB7A92,Chế độ thưởng
35BB7AE5,Laptop
35BB7AE5,Chế độ bảo hiểm
35BB7AE5,Du Lịch
35BB7A8B,Chế độ bảo hiểm
35BB7A8B,Du Lịch
35BB7A8B,Chế độ thưởng
35BB7A96,Chế độ bảo hiểm
35BB7A96,Đồng phục
35BB7A96,Chế độ thưởng
35BB7A97,Chế độ bảo hiểm
35BB7A97,Du Lịch
35BB7A97,Chế độ thưởng
35BB7962,Chế độ bảo hiểm
35BB7962,Du Lịch
35BB7962,Phụ cấp
35BB7A45,Laptop
35BB7A45,Chế độ bảo hiểm
35BB7A45,Du Lịch
35BB7947,Chế độ bảo hiểm
35BB7947,Du Lịch
35BB7947,Phụ cấp
35BB7A9A,Chế độ bảo hiểm
35BB7A9A,Du Lịch
35BB7A9A,Chế độ thưởng
35BB7A41,Đào tạo
35BB7A94,Chế độ bảo hiểm
35BB7A94,Du Lịch
35BB7A94,Chế độ thưởng
35BB7A47,Chế độ bảo hiểm
35BB7A47,Du Lịch
35BB7A47,Chế độ thưởng
35BB7A49,Chế độ bảo hiểm
35BB7A49,Du Lịch
35BB7A49,Chế độ thưởng
35BB7A4D,Chế độ bảo hiểm
35BB7A4D,Du Lịch
35BB7A4D,Chế độ thưởng
35BB7A4F,Chế độ bảo hiểm
35BB7A4F,Du Lịch
35BB7A4F,Phụ cấp
35BB7A43,Laptop
35BB7A43,Chế độ bảo hiểm
35BB7A43,Du Lịch
35BB7A50,Chế độ bảo hiểm
35BB7A50,Chế độ thưởng
35BB7A50,Đào tạo
35BB7A53,Chế độ bảo hiểm
35BB7A53,Du Lịch
35BB7A53,Phụ cấp
35BB7A59,Laptop
35BB7A59,Chế độ bảo hiểm
35BB7A59,Du Lịch
35BB7A4B,Chế độ bảo hiểm
35BB7A4B,Du Lịch
35BB7A4B,Phụ cấp
35BB7A5A,Chế độ bảo hiểm
35BB7A5A,Du Lịch
35BB7A5A,Chế độ thưởng
35BB7A4E,Chế độ bảo hiểm
35BB7A4E,Du Lịch
35BB7A4E,Chế độ thưởng
35BB7A51,Laptop
35BB7A51,Chế độ bảo hiểm
35BB7A51,Du Lịch
35BB7A5C,Chế độ bảo hiểm
35BB7A5C,Đồng phục
35BB7A5C,Chế độ thưởng
35BB7A55,Chế độ bảo hiểm
35BB7A55,Du Lịch
35BB7A55,Phụ cấp
35BB79FC,Chế độ bảo hiểm
35BB79FC,Đồng phục
35BB79FC,Chế độ thưởng
35BB7A54,Laptop
35BB7A54,Chế độ bảo hiểm
35BB7A54,Du Lịch
35BB79EE,Chế độ bảo hiểm
35BB79EE,Du Lịch
35BB79EE,Phụ cấp
35BB7A01,Unknown
35BB79FF,Chế độ bảo hiểm
35BB79FF,Du Lịch
35BB79FF,Chế độ thưởng
35BB7816,Chế độ bảo hiểm
35BB7816,Phụ cấp
35BB7816,Chế độ thưởng
35BB79FE,Chế độ bảo hiểm
35BB79FE,Du Lịch
35BB79FE,Chế độ thưởng
35BB7A07,Chế độ bảo hiểm
35BB7A07,Du Lịch
35BB7A07,Phụ cấp
35BB7A0C,Laptop
35BB7A0C,Chế độ bảo hiểm
35BB7A0C,Du Lịch
35BB7A05,Laptop
35BB7A05,Chế độ bảo hiểm
35BB7A05,Phụ cấp
35BB7A09,Laptop
35BB7A09,Chế độ bảo hiểm
35BB7A09,Du Lịch
35BB7A08,Laptop
35BB7A08,Chế độ bảo hiểm
35BB7A08,Du Lịch
35BB7A0D,Laptop
35BB7A0D,Chế độ bảo hiểm
35BB7A0D,Du Lịch
35BB7A04,Chế độ bảo hiểm
35BB7A04,Du Lịch
35BB7A04,Phụ cấp
35BB7A03,Du Lịch
35BB7A03,Chế độ thưởng
35BB7A03,Đào tạo
35BB7992,Chế độ bảo hiểm
35BB7992,Phụ cấp
35BB7992,Đồng phục
35BB798A,Chế độ bảo hiểm
35BB798A,Du Lịch
35BB798A,Phụ cấp
35BB7A02,Laptop
35BB7A02,Chế độ bảo hiểm
35BB7A02,Du Lịch
35BB79D4,Chế độ bảo hiểm
35BB79D4,Du Lịch
35BB79D4,Chế độ thưởng
35BB79D5,Chế độ bảo hiểm
35BB79D5,Du Lịch
35BB79D5,Chế độ thưởng
35BB79D3,Chế độ bảo hiểm
35BB79D3,Du Lịch
35BB79D3,Chế độ thưởng
35BB79D6,Laptop
35BB79D6,Chế độ bảo hiểm
35BB79D6,Du Lịch
35BB79BF,Chế độ bảo hiểm
35BB79BF,Du Lịch
35BB79BF,Phụ cấp
35BB7840,Chế độ bảo hiểm
35BB7840,Du Lịch
35BB7840,Đồng phục
35BB7811,Chế độ bảo hiểm
35BB7811,Du Lịch
35BB7811,Chế độ thưởng
35BB77E9,Unknown
35BB79C5,Laptop
35BB79C5,Chế độ bảo hiểm
35BB79C5,Du Lịch
35BB76A5,Chế độ bảo hiểm
35BB76A5,Du Lịch
35BB76A5,Chế độ thưởng
35BB7805,Chế độ bảo hiểm
35BB7805,Du Lịch
35BB7805,Chế độ thưởng
35BB6E47,Chế độ bảo hiểm
35BB6E47,Du Lịch
35BB6E47,Chế độ thưởng
35BB777C,Chế độ bảo hiểm
35BB777C,Du Lịch
35BB777C,Chế độ thưởng
35BB7799,Chế độ bảo hiểm
35BB7799,Chế độ thưởng
35BB7799,Đào tạo
35BB7763,Laptop
35BB7763,Chế độ bảo hiểm
35BB7763,Du Lịch
35BB77A6,Chế độ bảo hiểm
35BB77A6,Du Lịch
35BB77A6,Chế độ thưởng
35BB778C,Chế độ bảo hiểm
35BB778C,Du Lịch
35BB778C,Chế độ thưởng
35BB7797,Chế độ bảo hiểm
35BB7797,Du Lịch
35BB7797,Phụ cấp
35BB77DE,Unknown
35BB77D7,Chế độ bảo hiểm
35BB77D7,Du Lịch
35BB77D7,Phụ cấp
35BB7804,Laptop
35BB7804,Chế độ bảo hiểm
35BB7804,Du Lịch
35BB7813,Laptop
35BB7813,Chế độ bảo hiểm
35BB7813,Du Lịch
35BB6E9B,Chế độ bảo hiểm
35BB6E9B,Du Lịch
35BB6E9B,Chế độ thưởng
35BB714A,Chế độ bảo hiểm
35BB714A,Du Lịch
35BB714A,Phụ cấp
35BB7820,Laptop
35BB7820,Chế độ bảo hiểm
35BB7820,Phụ cấp
35BB7819,Laptop
35BB7819,Chế độ bảo hiểm
35BB7819,Du Lịch
35BB786A,Laptop
35BB786A,Chế độ bảo hiểm
35BB786A,Du Lịch
35B95897,Laptop
35B95897,Chế độ bảo hiểm
35B95897,Du Lịch
35BB779D,Chế độ bảo hiểm
35BB779D,Du Lịch
35BB779D,Phụ cấp
35BB7A0F,Laptop
35BB7A0F,Chế độ bảo hiểm
35BB7A0F,Du Lịch
35BB7A0E,Du Lịch
35BB7A0E,Chế độ thưởng
35BB7A0E,Đào tạo
35BB7A11,Đào tạo
35BB7A10,Laptop
35BB7A10,Chế độ bảo hiểm
35BB7A10,Du Lịch
35BB7A13,Chế độ bảo hiểm
35BB7A13,Du Lịch
35BB7A13,Chế độ thưởng
35BB7A5D,Chế độ bảo hiểm
35BB7A5D,Du Lịch
35BB7A5D,Phụ cấp
35BB7A9B,Laptop
35BB7A9B,Chế độ bảo hiểm
35BB7A9B,Du Lịch
35BB7A5F,Chế độ bảo hiểm
35BB7A5F,Du Lịch
35BB7A5F,Phụ cấp
35BB7AA0,Laptop
35BB7AA0,Chế độ bảo hiểm
35BB7AA0,Du Lịch
35BB7A9C,Chế độ bảo hiểm
35BB7A9C,Du Lịch
35BB7A9C,Phụ cấp
35BB7A5E,Chế độ bảo hiểm
35BB7A5E,Du Lịch
35BB7A5E,Chế độ thưởng
35BB7A9F,Laptop
35BB7A9F,Chế độ bảo hiểm
35BB7A9F,Du Lịch
35BB7AED,Laptop
35BB7AED,Chế độ bảo hiểm
35BB7AED,Du Lịch
35BB7AEF,Chế độ bảo hiểm
35BB7AEF,Du Lịch
35BB7AEF,Chế độ thưởng
35BB7AA4,Chế độ bảo hiểm
35BB7AA4,Du Lịch
35BB7AA4,Phụ cấp
35BB7AA8,Chế độ bảo hiểm
35BB7AA8,Du Lịch
35BB7AA8,Phụ cấp
35BB7AF2,Chế độ bảo hiểm
35BB7AF2,Du Lịch
35BB7AF2,Chế độ thưởng
35BB7A9D,Chế độ bảo hiểm
35BB7A9D,Du Lịch
35BB7A9D,Chế độ thưởng
35BB7B3E,Laptop
35BB7B3E,Chế độ bảo hiểm
35BB7B3E,Du Lịch
35B4FC0E,Laptop
35B4FC0E,Chế độ bảo hiểm
35B4FC0E,Du Lịch
35BB7BC3,Chế độ bảo hiểm
35BB7BC3,Du Lịch
35BB7BC3,Chế độ thưởng
35BB7BC2,Laptop
35BB7BC2,Chế độ bảo hiểm
35BB7BC2,Du Lịch
35BB7BC0,Laptop
35BB7BC0,Chế độ bảo hiểm
35BB7BC0,Du Lịch
35BB796A,Chế độ bảo hiểm
35BB796A,Du Lịch
35BB796A,Chế độ thưởng
35BB79F9,Laptop
35BB79F9,Chế độ bảo hiểm
35BB79F9,Du Lịch
35BB7C0F,Laptop
35BB7C0F,Chế độ bảo hiểm
35BB7C0F,Du Lịch
35BB7C39,Chế độ bảo hiểm
35BB7C39,Du Lịch
35BB7C39,Phụ cấp
35BB7C34,Laptop
35BB7C34,Chế độ bảo hiểm
35BB7C34,Du Lịch
35BB7BC4,Laptop
35BB7BC4,Chế độ bảo hiểm
35BB7BC4,Du Lịch
35BB7C79,Chế độ bảo hiểm
35BB7C79,Du Lịch
35BB7C79,Đồng phục
35BB7C78,Chế độ bảo hiểm
35BB7C78,Du Lịch
35BB7C78,Đồng phục
35BB7C7A,Chế độ bảo hiểm
35BB7C7A,Du Lịch
35BB7C7A,Chế độ thưởng
35BB7C37,Chế độ bảo hiểm
35BB7C37,Du Lịch
35BB7C37,Phụ cấp
35BB7C7B,Chế độ bảo hiểm
35BB7C7B,Du Lịch
35BB7C7B,Đồng phục
35BB7C70,Chế độ bảo hiểm
35BB7C70,Du Lịch
35BB7C70,Chế độ thưởng
35BB7C7F,Chế độ bảo hiểm
35BB7C7F,Du Lịch
35BB7C7F,Chế độ thưởng
35BB7CF5,Chế độ bảo hiểm
35BB7CF5,Du Lịch
35BB7CF5,Phụ cấp
35BB7E1E,Chế độ bảo hiểm
35BB7E1E,Du Lịch
35BB7E1E,Chế độ thưởng
35BB80EA,Unknown
35BB80D7,Chế độ bảo hiểm
35BB80D7,Du Lịch
35BB80D7,Phụ cấp
35BB80D8,Chế độ bảo hiểm
35BB80D8,Du Lịch
35BB80D8,Phụ cấp
35BB817E,Laptop
35BB817E,Chế độ bảo hiểm
35BB817E,Du Lịch
35BB807F,Chế độ bảo hiểm
35BB807F,Phụ cấp
35BB807F,Chế độ thưởng
35BB80EF,Chế độ bảo hiểm
35BB80EF,Du Lịch
35BB80EF,Phụ cấp
35BB8180,Chế độ bảo hiểm
35BB8180,Du Lịch
35BB8180,Chế độ thưởng
35BB8181,Chế độ bảo hiểm
35BB8181,Du Lịch
35BB8181,Chế độ thưởng
35BB8122,Laptop
35BB8122,Chế độ bảo hiểm
35BB8122,Du Lịch
35BB8146,Laptop
35BB8146,Chế độ bảo hiểm
35BB8146,Du Lịch
35BB819A,Laptop
35BB819A,Chế độ bảo hiểm
35BB819A,Du Lịch
35BB8182,Chế độ bảo hiểm
35BB8182,Du Lịch
35BB8182,Chế độ thưởng
35BB81F3,Chế độ bảo hiểm
35BB81F3,Du Lịch
35BB81F3,Đồng phục
35BB819C,Laptop
35BB819C,Chế độ bảo hiểm
35BB819C,Du Lịch
35BB81F1,Laptop
35BB81F1,Chế độ bảo hiểm
35BB81F1,Du Lịch
35BB8195,Laptop
35BB8195,Chế độ bảo hiểm
35BB8195,Du Lịch
35BB81F4,Laptop
35BB81F4,Chế độ bảo hiểm
35BB81F4,Du Lịch
35BB823A,Laptop
35BB823A,Chế độ bảo hiểm
35BB823A,Phụ cấp
35BB80B8,Laptop
35BB80B8,Chế độ bảo hiểm
35BB80B8,Phụ cấp
35BB823B,Chế độ bảo hiểm
35BB823B,Du Lịch
35BB823B,Chế độ thưởng
35BB8269,Chế độ bảo hiểm
35BB8269,Du Lịch
35BB8269,Chế độ thưởng
35BB826B,Chế độ bảo hiểm
35BB826B,Du Lịch
35BB826B,Chế độ thưởng
35BB823C,Chế độ bảo hiểm
35BB823C,Du Lịch
35BB823C,Đồng phục
35BB8268,Chế độ bảo hiểm
35BB8268,Du Lịch
35BB8268,Phụ cấp
35BB8267,Chế độ bảo hiểm
35BB8267,Du Lịch
35BB8267,Phụ cấp
35BB826D,Chế độ bảo hiểm
35BB826D,Du Lịch
35BB826D,Phụ cấp
35BB8257,Chế độ bảo hiểm
35BB8257,Du Lịch
35BB8257,Chế độ thưởng
35BB826F,Chế độ bảo hiểm
35BB826F,Phụ cấp
35BB826F,Chế độ thưởng
35BB8264,Chế độ bảo hiểm
35BB8264,Du Lịch
35BB8264,Phụ cấp
35BB826C,Chế độ bảo hiểm
35BB826C,Chế độ thưởng
35BB826C,Chăm sóc sức khỏe
35BB7495,Laptop
35BB7495,Chế độ bảo hiểm
35BB7495,Du Lịch
35BB82A3,Chế độ bảo hiểm
35BB82A3,Du Lịch
35BB82A3,Chế độ thưởng
35BB82D3,Laptop
35BB82D3,Chế độ bảo hiểm
35BB82D3,Du Lịch
35BB82D9,Chế độ bảo hiểm
35BB82D9,Du Lịch
35BB82D9,Chế độ thưởng
35BB829F,Đào tạo
35BB82D8,Chế độ bảo hiểm
35BB82D8,Du Lịch
35BB82D8,Chế độ thưởng
35BB80E8,Chế độ bảo hiểm
35BB80E8,Du Lịch
35BB80E8,Chế độ thưởng
35BB82A6,Chế độ bảo hiểm
35BB82A6,Du Lịch
35BB82A6,Chăm sóc sức khỏe
35BB82D4,Chế độ bảo hiểm
35BB82D4,Du Lịch
35BB82D4,Chế độ thưởng
35BB82D5,Chế độ bảo hiểm
35BB82D5,Du Lịch
35BB82D5,Chế độ thưởng
35BB82C7,Chế độ bảo hiểm
35BB82C7,Du Lịch
35BB82C7,Chế độ thưởng
35BB831C,Laptop
35BB831C,Chế độ bảo hiểm
35BB831C,Du Lịch
35BB7F24,Chế độ bảo hiểm
35BB7F24,Du Lịch
35BB7F24,Chế độ thưởng
35BB831F,Chế độ bảo hiểm
35BB831F,Du Lịch
35BB831F,Phụ cấp
35BB831B,Chế độ bảo hiểm
35BB831B,Du Lịch
35BB831B,Phụ cấp
35BB834B,Chế độ bảo hiểm
35BB834B,Du Lịch
35BB834B,Đồng phục
35BB835F,Chế độ bảo hiểm
35BB835F,Du Lịch
35BB835F,Phụ cấp
35BB8324,Laptop
35BB8324,Chế độ bảo hiểm
35BB8324,Du Lịch
35BB835D,Laptop
35BB835D,Chế độ bảo hiểm
35BB835D,Du Lịch
35BB7913,Chế độ bảo hiểm
35BB7913,Du Lịch
35BB7913,Phụ cấp
35BB82DD,Unknown
35BB786D,Chế độ bảo hiểm
35BB786D,Du Lịch
35BB786D,Chế độ thưởng
35BB7956,Chế độ bảo hiểm
35BB7956,Phụ cấp
35BB7956,Chế độ thưởng
35BB8397,Chế độ bảo hiểm
35BB8397,Du Lịch
35BB8397,Phụ cấp
35BB77CF,Laptop
35BB77CF,Chế độ bảo hiểm
35BB77CF,Du Lịch
35BB793C,Chế độ bảo hiểm
35BB793C,Du Lịch
35BB793C,Phụ cấp
35BB8363,Chế độ bảo hiểm
35BB8363,Du Lịch
35BB8363,Phụ cấp
35BB7736,Chế độ bảo hiểm
35BB7736,Phụ cấp
35BB7736,Đồng phục
35BB776A,Laptop
35BB776A,Chế độ bảo hiểm
35BB776A,Du Lịch
35BB77DC,Chế độ bảo hiểm
35BB77DC,Du Lịch
35BB77DC,Chế độ thưởng
35BB79C2,Chế độ bảo hiểm
35BB79C2,Du Lịch
35BB79C2,Chế độ thưởng
35BB78A6,Chế độ bảo hiểm
35BB78A6,Du Lịch
35BB78A6,Chế độ thưởng
35BB7773,Laptop
35BB7773,Chế độ bảo hiểm
35BB7773,Du Lịch
35BB790A,Chế độ bảo hiểm
35BB790A,Du Lịch
35BB790A,Chế độ thưởng
35BB77A2,Laptop
35BB77A2,Chế độ bảo hiểm
35BB77A2,Du Lịch
35BB7994,Laptop
35BB7994,Chế độ bảo hiểm
35BB7994,Du Lịch
35BB786F,Chế độ bảo hiểm
35BB786F,Du Lịch
35BB786F,Phụ cấp
35BB7883,Laptop
35BB7883,Chế độ bảo hiểm
35BB7883,Du Lịch
35BB7754,Laptop
35BB7754,Chế độ bảo hiểm
35BB7754,Du Lịch
35BB7911,Chế độ bảo hiểm
35BB7911,Du Lịch
35BB7911,Chế độ thưởng
35BB7939,Chế độ bảo hiểm
35BB7939,Du Lịch
35BB7939,Chế độ thưởng
35BB78E5,Chế độ bảo hiểm
35BB78E5,Du Lịch
35BB78E5,Chế độ thưởng
35BB8467,Laptop
35BB8467,Chế độ bảo hiểm
35BB8467,Du Lịch
35BB785E,Chế độ bảo hiểm
35BB785E,Du Lịch
35BB785E,Phụ cấp
35BB8366,Chế độ bảo hiểm
35BB8366,Du Lịch
35BB8366,Chế độ thưởng
35BB4AC8,Laptop
35BB4AC8,Chế độ bảo hiểm
35BB4AC8,Phụ cấp
35BB8465,Chế độ bảo hiểm
35BB8465,Du Lịch
35BB8465,Phụ cấp
35BB83F0,Chế độ bảo hiểm
35BB83F0,Du Lịch
35BB83F0,Phụ cấp
35BB8466,Chế độ bảo hiểm
35BB8466,Du Lịch
35BB8466,Chế độ thưởng
35BB84CB,Chế độ bảo hiểm
35BB84CB,Du Lịch
35BB84CB,Chế độ thưởng
35BB8554,Chế độ bảo hiểm
35BB8554,Du Lịch
35BB8554,Phụ cấp
35BB8555,Laptop
35BB8555,Chế độ bảo hiểm
35BB8555,Du Lịch
35BB846A,Phụ cấp
35BB846A,Đào tạo
35BB8503,Laptop
35BB8503,Chế độ bảo hiểm
35BB8503,Du Lịch
35BB8556,Chế độ bảo hiểm
35BB8556,Du Lịch
35BB8556,Phụ cấp
35BB8557,Laptop
35BB8557,Chế độ bảo hiểm
35BB8557,Du Lịch
35BB858C,Laptop
35BB858C,Chế độ bảo hiểm
35BB858C,Du Lịch
35BB851B,Laptop
35BB851B,Chế độ bảo hiểm
35BB851B,Du Lịch
35BB8602,Chế độ bảo hiểm
35BB8602,Du Lịch
35BB8602,Chế độ thưởng
35BB8579,Chế độ bảo hiểm
35BB8579,Du Lịch
35BB8579,Phụ cấp
35BB85FE,Chế độ bảo hiểm
35BB85FE,Du Lịch
35BB85FE,Chế độ thưởng
35BB85F7,Laptop
35BB85F7,Chế độ bảo hiểm
35BB85F7,Du Lịch
35BB85EA,Chế độ bảo hiểm
35BB85EA,Phụ cấp
35BB85EA,Đồng phục
35BB8631,Chế độ bảo hiểm
35BB8631,Du Lịch
35BB8631,Phụ cấp
35BB85B8,Chế độ bảo hiểm
35BB85B8,Du Lịch
35BB85B8,Chế độ thưởng
35BB85ED,Laptop
35BB85ED,Chế độ bảo hiểm
35BB85ED,Du Lịch
35BB8633,Chế độ bảo hiểm
35BB8633,Phụ cấp
35BB8633,Đồng phục
35BB7E90,Chế độ bảo hiểm
35BB7E90,Du Lịch
35BB7E90,Phụ cấp
35BB8603,Laptop
35BB8603,Chế độ bảo hiểm
35BB8603,Du Lịch
35BB844B,Laptop
35BB844B,Chế độ bảo hiểm
35BB844B,Phụ cấp
35BB8451,Chế độ bảo hiểm
35BB8451,Du Lịch
35BB8451,Phụ cấp
35BB8632,Chế độ bảo hiểm
35BB8632,Du Lịch
35BB8632,Đồng phục
